Year,Units,Series,Value
1994,Kilogram per hectare,moving five-year average shown for the last year,116.6
1995,Kilogram per hectare,moving five-year average shown for the last year,111.0
1996,Kilogram per hectare,moving five-year average shown for the last year,109.1
1997,Kilogram per hectare,moving five-year average shown for the last year,107.5
1998,Kilogram per hectare,moving five-year average shown for the last year,107.8
1999,Kilogram per hectare,moving five-year average shown for the last year,108.7
2000,Kilogram per hectare,moving five-year average shown for the last year,109.1
2001,Kilogram per hectare,moving five-year average shown for the last year,107.9
2002,Kilogram per hectare,moving five-year average shown for the last year,108.3
2003,Kilogram per hectare,moving five-year average shown for the last year,107.8
2004,Kilogram per hectare,moving five-year average shown for the last year,105.1
2005,Kilogram per hectare,moving five-year average shown for the last year,102.5
2006,Kilogram per hectare,moving five-year average shown for the last year,103.3
2007,Kilogram per hectare,moving five-year average shown for the last year,102.2
2008,Kilogram per hectare,moving five-year average shown for the last year,101.8
2009,Kilogram per hectare,moving five-year average shown for the last year,99.1
2010,Kilogram per hectare,moving five-year average shown for the last year,96.6
2011,Kilogram per hectare,moving five-year average shown for the last year,96.8
2012,Kilogram per hectare,moving five-year average shown for the last year,94.9
2013,Kilogram per hectare,moving five-year average shown for the last year,93.0
2014,Kilogram per hectare,moving five-year average shown for the last year,93.2
2015,Kilogram per hectare,moving five-year average shown for the last year,95.6
2016,Kilogram per hectare,moving five-year average shown for the last year,94.0
2017,Kilogram per hectare,moving five-year average shown for the last year,93.8
2018,Kilogram per hectare,moving five-year average shown for the last year,92.7
2019,Kilogram per hectare,moving five-year average shown for the last year,91.5
2020,Kilogram per hectare,moving five-year average shown for the last year,87.0
2030,Kilogram per hectare,moving five-year average shown for the last year,
1990,Kilogram per hectare,Calculated annual values,141.5
1991,Kilogram per hectare,Calculated annual values,117.1
1992,Kilogram per hectare,Calculated annual values,111.9
1993,Kilogram per hectare,Calculated annual values,106.3
1994,Kilogram per hectare,Calculated annual values,106.3
1995,Kilogram per hectare,Calculated annual values,113.2
1996,Kilogram per hectare,Calculated annual values,107.7
1997,Kilogram per hectare,Calculated annual values,104.0
1998,Kilogram per hectare,Calculated annual values,107.8
1999,Kilogram per hectare,Calculated annual values,111.0
2000,Kilogram per hectare,Calculated annual values,115.3
2001,Kilogram per hectare,Calculated annual values,101.7
2002,Kilogram per hectare,Calculated annual values,105.8
2003,Kilogram per hectare,Calculated annual values,105.4
2004,Kilogram per hectare,Calculated annual values,97.3
2005,Kilogram per hectare,Calculated annual values,102.4
2006,Kilogram per hectare,Calculated annual values,105.7
2007,Kilogram per hectare,Calculated annual values,100.4
2008,Kilogram per hectare,Calculated annual values,103.2
2009,Kilogram per hectare,Calculated annual values,83.7
2010,Kilogram per hectare,Calculated annual values,90.3
2011,Kilogram per hectare,Calculated annual values,106.2
2012,Kilogram per hectare,Calculated annual values,91.0
2013,Kilogram per hectare,Calculated annual values,93.6
2014,Kilogram per hectare,Calculated annual values,84.8
2015,Kilogram per hectare,Calculated annual values,102.1
2016,Kilogram per hectare,Calculated annual values,98.5
2017,Kilogram per hectare,Calculated annual values,90.0
2018,Kilogram per hectare,Calculated annual values,87.9
2019,Kilogram per hectare,Calculated annual values,78.7
2020,Kilogram per hectare,Calculated annual values,79.7
2030,Kilogram per hectare,Calculated annual values,
