Year,Units,Series,Federal state,GeoCode,Value
1999,Percentage,Data from the Federal Statistical Office,,,2.852
2001,Percentage,Data from the Federal Statistical Office,,,3.573
2002,Percentage,Data from the Federal Statistical Office,,,
2003,Percentage,Data from the Federal Statistical Office,,,4.299
2004,Percentage,Data from the Federal Statistical Office,,,
2005,Percentage,Data from the Federal Statistical Office,,,4.593
2006,Percentage,Data from the Federal Statistical Office,,,
2007,Percentage,Data from the Federal Statistical Office,,,5.079
2008,Percentage,Data from the Federal Statistical Office,,,
2009,Percentage,Data from the Federal Statistical Office,,,
2010,Percentage,Data from the Federal Statistical Office,,,5.636
2011,Percentage,Data from the Federal Statistical Office,,,
2012,Percentage,Data from the Federal Statistical Office,,,5.76
2013,Percentage,Data from the Federal Statistical Office,,,6.04
2014,Percentage,Data from the Federal Statistical Office,,,6.18
2015,Percentage,Data from the Federal Statistical Office,,,6.34
2016,Percentage,Data from the Federal Statistical Office,,,6.82
2017,Percentage,Data from the Federal Statistical Office,,,6.82
2018,Percentage,Data from the Federal Statistical Office,,,7.34
2019,Percentage,Data from the Federal Statistical Office,,,7.75
2020,Percentage,Data from the Federal Statistical Office,,,9.59
2021,Percentage,Data from the Federal Statistical Office,,,9.65
2022,Percentage,Data from the Federal Statistical Office,,,9.77
2023,Percentage,Data from the Federal Statistical Office,,,11.17
2000,Percentage,Data from the Federal Statistical Office,,,
2030,Percentage,Data from the Federal Statistical Office,,,
1999,Percentage,Data from the Federal Statistical Office,Baden-Wuerttemberg,code08,5.3
2001,Percentage,Data from the Federal Statistical Office,Baden-Wuerttemberg,code08,6.7
2003,Percentage,Data from the Federal Statistical Office,Baden-Wuerttemberg,code08,6.4
2005,Percentage,Data from the Federal Statistical Office,Baden-Wuerttemberg,code08,6.4
2007,Percentage,Data from the Federal Statistical Office,Baden-Wuerttemberg,code08,6.6
2010,Percentage,Data from the Federal Statistical Office,Baden-Wuerttemberg,code08,7.955
2013,Percentage,Data from the Federal Statistical Office,Baden-Wuerttemberg,code08,8.717
2016,Percentage,Data from the Federal Statistical Office,Baden-Wuerttemberg,code08,9.312
2020,Percentage,Data from the Federal Statistical Office,Baden-Wuerttemberg,code08,12.222
2023,Percentage,Data from the Federal Statistical Office,Baden-Wuerttemberg,code08,13.95
1999,Percentage,Data from the Federal Statistical Office,Bavaria,code09,2.2
2001,Percentage,Data from the Federal Statistical Office,Bavaria,code09,2.8
2003,Percentage,Data from the Federal Statistical Office,Bavaria,code09,3.9
2005,Percentage,Data from the Federal Statistical Office,Bavaria,code09,3.9
2007,Percentage,Data from the Federal Statistical Office,Bavaria,code09,4.5
2010,Percentage,Data from the Federal Statistical Office,Bavaria,code09,6.187
2013,Percentage,Data from the Federal Statistical Office,Bavaria,code09,6.938
2016,Percentage,Data from the Federal Statistical Office,Bavaria,code09,8.258
2020,Percentage,Data from the Federal Statistical Office,Bavaria,code09,12.175
2023,Percentage,Data from the Federal Statistical Office,Bavaria,code09,13.705
2010,Percentage,Data from the Federal Statistical Office,Berlin,code11,12.42
2013,Percentage,Data from the Federal Statistical Office,Berlin,code11,15.0
2016,Percentage,Data from the Federal Statistical Office,Berlin,code11,15.61
2020,Percentage,Data from the Federal Statistical Office,Berlin,code11,21.417
2023,Percentage,Data from the Federal Statistical Office,Berlin,code11,33.333
1999,Percentage,Data from the Federal Statistical Office,Brandenburg,code12,5.4
2001,Percentage,Data from the Federal Statistical Office,Brandenburg,code12,7.1
2003,Percentage,Data from the Federal Statistical Office,Brandenburg,code12,8.7
2005,Percentage,Data from the Federal Statistical Office,Brandenburg,code12,9.8
2007,Percentage,Data from the Federal Statistical Office,Brandenburg,code12,10.1
2010,Percentage,Data from the Federal Statistical Office,Brandenburg,code12,10.637
2013,Percentage,Data from the Federal Statistical Office,Brandenburg,code12,10.481
2016,Percentage,Data from the Federal Statistical Office,Brandenburg,code12,10.415
2020,Percentage,Data from the Federal Statistical Office,Brandenburg,code12,13.416
2023,Percentage,Data from the Federal Statistical Office,Brandenburg,code12,17.602
2010,Percentage,Data from the Federal Statistical Office,Bremen,code04,9.84
2013,Percentage,Data from the Federal Statistical Office,Bremen,code04,11.765
2016,Percentage,Data from the Federal Statistical Office,Bremen,code04,17.673
2020,Percentage,Data from the Federal Statistical Office,Bremen,code04,12.205
2023,Percentage,Data from the Federal Statistical Office,Bremen,code04,14.83
2010,Percentage,Data from the Federal Statistical Office,Hamburg,code02,6.823
2013,Percentage,Data from the Federal Statistical Office,Hamburg,code02,6.944
2016,Percentage,Data from the Federal Statistical Office,Hamburg,code02,8.116
2020,Percentage,Data from the Federal Statistical Office,Hamburg,code02,7.924
2023,Percentage,Data from the Federal Statistical Office,Hamburg,code02,9.519
1999,Percentage,Data from the Federal Statistical Office,Hesse,code06,5.6
2001,Percentage,Data from the Federal Statistical Office,Hesse,code06,6.8
2003,Percentage,Data from the Federal Statistical Office,Hesse,code06,7.0
2005,Percentage,Data from the Federal Statistical Office,Hesse,code06,7.0
2007,Percentage,Data from the Federal Statistical Office,Hesse,code06,7.8
2010,Percentage,Data from the Federal Statistical Office,Hesse,code06,9.485
2013,Percentage,Data from the Federal Statistical Office,Hesse,code06,10.571
2016,Percentage,Data from the Federal Statistical Office,Hesse,code06,11.594
2020,Percentage,Data from the Federal Statistical Office,Hesse,code06,14.976
2023,Percentage,Data from the Federal Statistical Office,Hesse,code06,15.404
1999,Percentage,Data from the Federal Statistical Office,Mecklenburg Western Pomerania,code13,6.9
2001,Percentage,Data from the Federal Statistical Office,Mecklenburg Western Pomerania,code13,7.2
2003,Percentage,Data from the Federal Statistical Office,Mecklenburg Western Pomerania,code13,8.1
2005,Percentage,Data from the Federal Statistical Office,Mecklenburg Western Pomerania,code13,8.1
2007,Percentage,Data from the Federal Statistical Office,Mecklenburg Western Pomerania,code13,8.8
2010,Percentage,Data from the Federal Statistical Office,Mecklenburg Western Pomerania,code13,8.722
2013,Percentage,Data from the Federal Statistical Office,Mecklenburg Western Pomerania,code13,8.978
2016,Percentage,Data from the Federal Statistical Office,Mecklenburg Western Pomerania,code13,9.366
2020,Percentage,Data from the Federal Statistical Office,Mecklenburg Western Pomerania,code13,12.205
2023,Percentage,Data from the Federal Statistical Office,Mecklenburg Western Pomerania,code13,14.83
1999,Percentage,Data from the Federal Statistical Office,Lower Saxony,code03,1.0
2001,Percentage,Data from the Federal Statistical Office,Lower Saxony,code03,1.4
2003,Percentage,Data from the Federal Statistical Office,Lower Saxony,code03,2.1
2005,Percentage,Data from the Federal Statistical Office,Lower Saxony,code03,2.4
2007,Percentage,Data from the Federal Statistical Office,Lower Saxony,code03,2.9
2010,Percentage,Data from the Federal Statistical Office,Lower Saxony,code03,3.046
2013,Percentage,Data from the Federal Statistical Office,Lower Saxony,code03,3.068
2016,Percentage,Data from the Federal Statistical Office,Lower Saxony,code03,3.214
2020,Percentage,Data from the Federal Statistical Office,Lower Saxony,code03,4.768
2023,Percentage,Data from the Federal Statistical Office,Lower Saxony,code03,5.675
1999,Percentage,Data from the Federal Statistical Office,North Rhine-Westphalia,code05,1.0
2001,Percentage,Data from the Federal Statistical Office,North Rhine-Westphalia,code05,1.5
2003,Percentage,Data from the Federal Statistical Office,North Rhine-Westphalia,code05,2.5
2005,Percentage,Data from the Federal Statistical Office,North Rhine-Westphalia,code05,2.8
2007,Percentage,Data from the Federal Statistical Office,North Rhine-Westphalia,code05,3.3
2010,Percentage,Data from the Federal Statistical Office,North Rhine-Westphalia,code05,3.725
2013,Percentage,Data from the Federal Statistical Office,North Rhine-Westphalia,code05,4.299
2016,Percentage,Data from the Federal Statistical Office,North Rhine-Westphalia,code05,4.223
2020,Percentage,Data from the Federal Statistical Office,North Rhine-Westphalia,code05,5.584
2023,Percentage,Data from the Federal Statistical Office,North Rhine-Westphalia,code05,6.125
1999,Percentage,Data from the Federal Statistical Office,Rhineland Palatinate,code07,1.6
2001,Percentage,Data from the Federal Statistical Office,Rhineland Palatinate,code07,2.2
2003,Percentage,Data from the Federal Statistical Office,Rhineland Palatinate,code07,2.4
2005,Percentage,Data from the Federal Statistical Office,Rhineland Palatinate,code07,2.7
2007,Percentage,Data from the Federal Statistical Office,Rhineland Palatinate,code07,3.6
2010,Percentage,Data from the Federal Statistical Office,Rhineland Palatinate,code07,5.381
2013,Percentage,Data from the Federal Statistical Office,Rhineland Palatinate,code07,6.69
2016,Percentage,Data from the Federal Statistical Office,Rhineland Palatinate,code07,8.733
2020,Percentage,Data from the Federal Statistical Office,Rhineland Palatinate,code07,11.155
2023,Percentage,Data from the Federal Statistical Office,Rhineland Palatinate,code07,12.405
1999,Percentage,Data from the Federal Statistical Office,Saarland,code10,6.3
2001,Percentage,Data from the Federal Statistical Office,Saarland,code10,5.4
2003,Percentage,Data from the Federal Statistical Office,Saarland,code10,6.7
2005,Percentage,Data from the Federal Statistical Office,Saarland,code10,7.8
2007,Percentage,Data from the Federal Statistical Office,Saarland,code10,9.1
2010,Percentage,Data from the Federal Statistical Office,Saarland,code10,10.908
2013,Percentage,Data from the Federal Statistical Office,Saarland,code10,11.938
2016,Percentage,Data from the Federal Statistical Office,Saarland,code10,14.89
2020,Percentage,Data from the Federal Statistical Office,Saarland,code10,18.196
2023,Percentage,Data from the Federal Statistical Office,Saarland,code10,19.421
1999,Percentage,Data from the Federal Statistical Office,Saxony,code14,1.5
2001,Percentage,Data from the Federal Statistical Office,Saxony,code14,2.6
2003,Percentage,Data from the Federal Statistical Office,Saxony,code14,3.4
2005,Percentage,Data from the Federal Statistical Office,Saxony,code14,3.4
2007,Percentage,Data from the Federal Statistical Office,Saxony,code14,3.5
2010,Percentage,Data from the Federal Statistical Office,Saxony,code14,4.16
2013,Percentage,Data from the Federal Statistical Office,Saxony,code14,3.894
2016,Percentage,Data from the Federal Statistical Office,Saxony,code14,4.588
2020,Percentage,Data from the Federal Statistical Office,Saxony,code14,7.924
2023,Percentage,Data from the Federal Statistical Office,Saxony,code14,9.519
1999,Percentage,Data from the Federal Statistical Office,Saxony-Anhalt,code15,2.0
2001,Percentage,Data from the Federal Statistical Office,Saxony-Anhalt,code15,2.6
2003,Percentage,Data from the Federal Statistical Office,Saxony-Anhalt,code15,3.2
2005,Percentage,Data from the Federal Statistical Office,Saxony-Anhalt,code15,4.2
2007,Percentage,Data from the Federal Statistical Office,Saxony-Anhalt,code15,3.8
2010,Percentage,Data from the Federal Statistical Office,Saxony-Anhalt,code15,4.23
2013,Percentage,Data from the Federal Statistical Office,Saxony-Anhalt,code15,4.553
2016,Percentage,Data from the Federal Statistical Office,Saxony-Anhalt,code15,4.975
2020,Percentage,Data from the Federal Statistical Office,Saxony-Anhalt,code15,9.034
2023,Percentage,Data from the Federal Statistical Office,Saxony-Anhalt,code15,10.164
1999,Percentage,Data from the Federal Statistical Office,Schleswig-Holstein,code01,1.5
2001,Percentage,Data from the Federal Statistical Office,Schleswig-Holstein,code01,1.9
2003,Percentage,Data from the Federal Statistical Office,Schleswig-Holstein,code01,2.2
2005,Percentage,Data from the Federal Statistical Office,Schleswig-Holstein,code01,2.8
2007,Percentage,Data from the Federal Statistical Office,Schleswig-Holstein,code01,2.9
2010,Percentage,Data from the Federal Statistical Office,Schleswig-Holstein,code01,3.533
2013,Percentage,Data from the Federal Statistical Office,Schleswig-Holstein,code01,3.614
2016,Percentage,Data from the Federal Statistical Office,Schleswig-Holstein,code01,4.044
2020,Percentage,Data from the Federal Statistical Office,Schleswig-Holstein,code01,6.352
2023,Percentage,Data from the Federal Statistical Office,Schleswig-Holstein,code01,7.896
1999,Percentage,Data from the Federal Statistical Office,Thuringia,code16,1.9
2001,Percentage,Data from the Federal Statistical Office,Thuringia,code16,2.1
2003,Percentage,Data from the Federal Statistical Office,Thuringia,code16,3.0
2005,Percentage,Data from the Federal Statistical Office,Thuringia,code16,3.1
2007,Percentage,Data from the Federal Statistical Office,Thuringia,code16,5.1
2010,Percentage,Data from the Federal Statistical Office,Thuringia,code16,4.96
2013,Percentage,Data from the Federal Statistical Office,Thuringia,code16,5.098
2016,Percentage,Data from the Federal Statistical Office,Thuringia,code16,4.314
2020,Percentage,Data from the Federal Statistical Office,Thuringia,code16,6.58
2023,Percentage,Data from the Federal Statistical Office,Thuringia,code16,8.157
1999,Percentage,Data from the Federal Ministry of Food and Agriculture,,,
2001,Percentage,Data from the Federal Ministry of Food and Agriculture,,,3.7
2002,Percentage,Data from the Federal Ministry of Food and Agriculture,,,4.1
2003,Percentage,Data from the Federal Ministry of Food and Agriculture,,,4.3
2004,Percentage,Data from the Federal Ministry of Food and Agriculture,,,4.5
2005,Percentage,Data from the Federal Ministry of Food and Agriculture,,,4.7
2006,Percentage,Data from the Federal Ministry of Food and Agriculture,,,4.9
2007,Percentage,Data from the Federal Ministry of Food and Agriculture,,,5.1
2008,Percentage,Data from the Federal Ministry of Food and Agriculture,,,5.4
2009,Percentage,Data from the Federal Ministry of Food and Agriculture,,,5.6
2010,Percentage,Data from the Federal Ministry of Food and Agriculture,,,5.9
2011,Percentage,Data from the Federal Ministry of Food and Agriculture,,,6.1
2012,Percentage,Data from the Federal Ministry of Food and Agriculture,,,6.2
2013,Percentage,Data from the Federal Ministry of Food and Agriculture,,,6.3
2014,Percentage,Data from the Federal Ministry of Food and Agriculture,,,6.3
2015,Percentage,Data from the Federal Ministry of Food and Agriculture,,,6.5
2016,Percentage,Data from the Federal Ministry of Food and Agriculture,,,7.5
2017,Percentage,Data from the Federal Ministry of Food and Agriculture,,,8.2
2018,Percentage,Data from the Federal Ministry of Food and Agriculture,,,9.1
2019,Percentage,Data from the Federal Ministry of Food and Agriculture,,,9.7
2020,Percentage,Data from the Federal Ministry of Food and Agriculture,,,10.3
2021,Percentage,Data from the Federal Ministry of Food and Agriculture,,,10.9
2022,Percentage,Data from the Federal Ministry of Food and Agriculture,,,11.2
2023,Percentage,Data from the Federal Ministry of Food and Agriculture,,,
2000,Percentage,Data from the Federal Ministry of Food and Agriculture,,,
2030,Percentage,Data from the Federal Ministry of Food and Agriculture,,,
