Year,Units,Time series,Sex,Federal state,GeoCode,Value
1999,Percentage,,,,,33.05
2010,Percentage,,,,,41.245
2011,Percentage,,,,,42.148
2012,Percentage,,,,,43.335
2013,Percentage,,,,,44.3
2014,Percentage,,,,,45.706
2015,Percentage,,,,,46.815
2016,Percentage,,,,,47.979
2017,Percentage,,,,,48.836
2018,Percentage,,,,,49.807
2019,Percentage,,,,,50.488
2020,Percentage,,,,,52.3
2021,Percentage,,,,,54.3
2022,Percentage,,,,,
2000,Percentage,,,,,33.366
2001,Percentage,,,,,33.62
2002,Percentage,,,,,32.406
2003,Percentage,,,,,33.947
2004,Percentage,,,,,36.263
2005,Percentage,,,,,36.023
2006,Percentage,,,,,36.455
2007,Percentage,,,,,37.635
2008,Percentage,,,,,38.863
2009,Percentage,,,,,40.743
2030,Percentage,,,,,
1999,Percentage,,Female,,,30.931
2010,Percentage,,Female,,,42.419
2011,Percentage,,Female,,,44.191
2012,Percentage,,Female,,,45.771
2013,Percentage,,Female,,,46.503
2014,Percentage,,Female,,,48.411
2015,Percentage,,Female,,,50.6
2016,Percentage,,Female,,,51.395
2017,Percentage,,Female,,,52.649
2018,Percentage,,Female,,,53.892
2019,Percentage,,Female,,,54.311
2020,Percentage,,Female,,,55.928
2021,Percentage,,Female,,,58.4
2022,Percentage,,Female,,,
2000,Percentage,,Female,,,31.701
2001,Percentage,,Female,,,31.3
2002,Percentage,,Female,,,30.56
2003,Percentage,,Female,,,32.182
2004,Percentage,,Female,,,34.695
2005,Percentage,,Female,,,34.973
2006,Percentage,,Female,,,36.466
2007,Percentage,,Female,,,38.063
2008,Percentage,,Female,,,39.711
2009,Percentage,,Female,,,42.232
1999,Percentage,,Male,,,35.144
2010,Percentage,,Male,,,39.995
2011,Percentage,,Male,,,40.13
2012,Percentage,,Male,,,40.935
2013,Percentage,,Male,,,42.218
2014,Percentage,,Male,,,43.015
2015,Percentage,,Male,,,43.118
2016,Percentage,,Male,,,44.674
2017,Percentage,,Male,,,45.172
2018,Percentage,,Male,,,45.985
2019,Percentage,,Male,,,46.764
2020,Percentage,,Male,,,48.861
2021,Percentage,,Male,,,50.4
2022,Percentage,,Male,,,
2000,Percentage,,Male,,,35.083
2001,Percentage,,Male,,,35.869
2002,Percentage,,Male,,,34.09
2003,Percentage,,Male,,,35.562
2004,Percentage,,Male,,,37.671
2005,Percentage,,Male,,,36.995
2006,Percentage,,Male,,,36.473
2007,Percentage,,Male,,,37.241
2008,Percentage,,Male,,,37.933
2009,Percentage,,Male,,,39.273
2010,Percentage,,,Baden-Wuerttemberg,code08,42.28
2011,Percentage,,,Baden-Wuerttemberg,code08,43.36
2012,Percentage,,,Baden-Wuerttemberg,code08,44.92
2013,Percentage,,,Baden-Wuerttemberg,code08,47.29
2014,Percentage,,,Baden-Wuerttemberg,code08,47.35
2015,Percentage,,,Baden-Wuerttemberg,code08,48.37
2016,Percentage,,,Baden-Wuerttemberg,code08,50.18
2017,Percentage,,,Baden-Wuerttemberg,code08,50.69
2018,Percentage,,,Baden-Wuerttemberg,code08,51.4
2019,Percentage,,,Baden-Wuerttemberg,code08,53.92
2020,Percentage,,,Baden-Wuerttemberg,code08,54.11
2021,Percentage,,,Baden-Wuerttemberg,code08,54.502
2005,Percentage,,,Baden-Wuerttemberg,code08,36.88
2006,Percentage,,,Baden-Wuerttemberg,code08,36.9
2007,Percentage,,,Baden-Wuerttemberg,code08,37.6
2008,Percentage,,,Baden-Wuerttemberg,code08,37.8
2009,Percentage,,,Baden-Wuerttemberg,code08,41.9
2010,Percentage,,Female,Baden-Wuerttemberg,code08,40.7
2011,Percentage,,Female,Baden-Wuerttemberg,code08,41.9
2012,Percentage,,Female,Baden-Wuerttemberg,code08,44.4
2013,Percentage,,Female,Baden-Wuerttemberg,code08,46.1
2014,Percentage,,Female,Baden-Wuerttemberg,code08,48.1
2015,Percentage,,Female,Baden-Wuerttemberg,code08,49.6
2016,Percentage,,Female,Baden-Wuerttemberg,code08,50.9
2017,Percentage,,Female,Baden-Wuerttemberg,code08,51.5
2018,Percentage,,Female,Baden-Wuerttemberg,code08,52.28
2019,Percentage,,Female,Baden-Wuerttemberg,code08,56.61
2020,Percentage,,Female,Baden-Wuerttemberg,code08,56.92
2021,Percentage,,Female,Baden-Wuerttemberg,code08,57.686
2005,Percentage,,Female,Baden-Wuerttemberg,code08,33.1
2006,Percentage,,Female,Baden-Wuerttemberg,code08,34.2
2007,Percentage,,Female,Baden-Wuerttemberg,code08,35.7
2008,Percentage,,Female,Baden-Wuerttemberg,code08,36.0
2009,Percentage,,Female,Baden-Wuerttemberg,code08,41.0
2010,Percentage,,Male,Baden-Wuerttemberg,code08,43.9
2011,Percentage,,Male,Baden-Wuerttemberg,code08,44.9
2012,Percentage,,Male,Baden-Wuerttemberg,code08,45.4
2013,Percentage,,Male,Baden-Wuerttemberg,code08,48.4
2014,Percentage,,Male,Baden-Wuerttemberg,code08,46.6
2015,Percentage,,Male,Baden-Wuerttemberg,code08,47.2
2016,Percentage,,Male,Baden-Wuerttemberg,code08,49.5
2017,Percentage,,Male,Baden-Wuerttemberg,code08,49.9
2018,Percentage,,Male,Baden-Wuerttemberg,code08,50.58
2019,Percentage,,Male,Baden-Wuerttemberg,code08,51.45
2020,Percentage,,Male,Baden-Wuerttemberg,code08,51.57
2021,Percentage,,Male,Baden-Wuerttemberg,code08,51.626
2005,Percentage,,Male,Baden-Wuerttemberg,code08,40.5
2006,Percentage,,Male,Baden-Wuerttemberg,code08,39.4
2007,Percentage,,Male,Baden-Wuerttemberg,code08,39.5
2008,Percentage,,Male,Baden-Wuerttemberg,code08,39.7
2009,Percentage,,Male,Baden-Wuerttemberg,code08,42.8
2010,Percentage,,,Bavaria,code09,40.39
2011,Percentage,,,Bavaria,code09,41.1
2012,Percentage,,,Bavaria,code09,43.58
2013,Percentage,,,Bavaria,code09,45.31
2014,Percentage,,,Bavaria,code09,45.82
2015,Percentage,,,Bavaria,code09,45.68
2016,Percentage,,,Bavaria,code09,48.01
2017,Percentage,,,Bavaria,code09,48.76
2018,Percentage,,,Bavaria,code09,50.03
2019,Percentage,,,Bavaria,code09,49.55
2020,Percentage,,,Bavaria,code09,51.07
2021,Percentage,,,Bavaria,code09,53.298
2005,Percentage,,,Bavaria,code09,35.15
2006,Percentage,,,Bavaria,code09,34.7
2007,Percentage,,,Bavaria,code09,35.8
2008,Percentage,,,Bavaria,code09,37.5
2009,Percentage,,,Bavaria,code09,39.4
2010,Percentage,,Female,Bavaria,code09,40.2
2011,Percentage,,Female,Bavaria,code09,41.6
2012,Percentage,,Female,Bavaria,code09,44.8
2013,Percentage,,Female,Bavaria,code09,45.3
2014,Percentage,,Female,Bavaria,code09,46.1
2015,Percentage,,Female,Bavaria,code09,47.4
2016,Percentage,,Female,Bavaria,code09,49.5
2017,Percentage,,Female,Bavaria,code09,50.8
2018,Percentage,,Female,Bavaria,code09,52.18
2019,Percentage,,Female,Bavaria,code09,50.82
2020,Percentage,,Female,Bavaria,code09,52.57
2021,Percentage,,Female,Bavaria,code09,55.495
2005,Percentage,,Female,Bavaria,code09,32.9
2006,Percentage,,Female,Bavaria,code09,33.1
2007,Percentage,,Female,Bavaria,code09,34.8
2008,Percentage,,Female,Bavaria,code09,36.8
2009,Percentage,,Female,Bavaria,code09,38.5
2010,Percentage,,Male,Bavaria,code09,40.6
2011,Percentage,,Male,Bavaria,code09,40.7
2012,Percentage,,Male,Bavaria,code09,42.4
2013,Percentage,,Male,Bavaria,code09,45.3
2014,Percentage,,Male,Bavaria,code09,45.5
2015,Percentage,,Male,Bavaria,code09,43.9
2016,Percentage,,Male,Bavaria,code09,46.6
2017,Percentage,,Male,Bavaria,code09,46.9
2018,Percentage,,Male,Bavaria,code09,48.05
2019,Percentage,,Male,Bavaria,code09,48.34
2020,Percentage,,Male,Bavaria,code09,49.67
2021,Percentage,,Male,Bavaria,code09,51.287
2005,Percentage,,Male,Bavaria,code09,37.4
2006,Percentage,,Male,Bavaria,code09,36.2
2007,Percentage,,Male,Bavaria,code09,36.9
2008,Percentage,,Male,Bavaria,code09,38.3
2009,Percentage,,Male,Bavaria,code09,40.3
2010,Percentage,,,Berlin,code11,50.74
2011,Percentage,,,Berlin,code11,51.84
2012,Percentage,,,Berlin,code11,53.7
2013,Percentage,,,Berlin,code11,53.23
2014,Percentage,,,Berlin,code11,53.96
2015,Percentage,,,Berlin,code11,56.68
2016,Percentage,,,Berlin,code11,59.72
2017,Percentage,,,Berlin,code11,60.9
2018,Percentage,,,Berlin,code11,62.66
2019,Percentage,,,Berlin,code11,64.8
2020,Percentage,,,Berlin,code11,65.59
2021,Percentage,,,Berlin,code11,68.579
2005,Percentage,,,Berlin,code11,46.17
2006,Percentage,,,Berlin,code11,46.6
2007,Percentage,,,Berlin,code11,49.2
2008,Percentage,,,Berlin,code11,47.1
2009,Percentage,,,Berlin,code11,50.4
2010,Percentage,,Female,Berlin,code11,56.0
2011,Percentage,,Female,Berlin,code11,59.3
2012,Percentage,,Female,Berlin,code11,60.2
2013,Percentage,,Female,Berlin,code11,59.1
2014,Percentage,,Female,Berlin,code11,59.8
2015,Percentage,,Female,Berlin,code11,63.7
2016,Percentage,,Female,Berlin,code11,63.6
2017,Percentage,,Female,Berlin,code11,66.1
2018,Percentage,,Female,Berlin,code11,66.99
2019,Percentage,,Female,Berlin,code11,69.18
2020,Percentage,,Female,Berlin,code11,69.73
2021,Percentage,,Female,Berlin,code11,71.923
2005,Percentage,,Female,Berlin,code11,47.1
2006,Percentage,,Female,Berlin,code11,50.1
2007,Percentage,,Female,Berlin,code11,53.0
2008,Percentage,,Female,Berlin,code11,49.9
2009,Percentage,,Female,Berlin,code11,56.2
2010,Percentage,,Male,Berlin,code11,45.8
2011,Percentage,,Male,Berlin,code11,44.7
2012,Percentage,,Male,Berlin,code11,47.5
2013,Percentage,,Male,Berlin,code11,47.6
2014,Percentage,,Male,Berlin,code11,48.4
2015,Percentage,,Male,Berlin,code11,49.7
2016,Percentage,,Male,Berlin,code11,55.7
2017,Percentage,,Male,Berlin,code11,55.7
2018,Percentage,,Male,Berlin,code11,58.27
2019,Percentage,,Male,Berlin,code11,60.32
2020,Percentage,,Male,Berlin,code11,61.81
2021,Percentage,,Male,Berlin,code11,65.212
2005,Percentage,,Male,Berlin,code11,45.3
2006,Percentage,,Male,Berlin,code11,43.2
2007,Percentage,,Male,Berlin,code11,45.5
2008,Percentage,,Male,Berlin,code11,44.5
2009,Percentage,,Male,Berlin,code11,44.4
2010,Percentage,,,Brandenburg,code12,41.4
2011,Percentage,,,Brandenburg,code12,44.47
2012,Percentage,,,Brandenburg,code12,42.08
2013,Percentage,,,Brandenburg,code12,42.57
2014,Percentage,,,Brandenburg,code12,44.17
2015,Percentage,,,Brandenburg,code12,43.26
2016,Percentage,,,Brandenburg,code12,45.41
2017,Percentage,,,Brandenburg,code12,42.42
2018,Percentage,,,Brandenburg,code12,45.28
2019,Percentage,,,Brandenburg,code12,44.44
2020,Percentage,,,Brandenburg,code12,50.15
2021,Percentage,,,Brandenburg,code12,54.907
2005,Percentage,,,Brandenburg,code12,32.11
2006,Percentage,,,Brandenburg,code12,33.2
2007,Percentage,,,Brandenburg,code12,34.7
2008,Percentage,,,Brandenburg,code12,38.6
2009,Percentage,,,Brandenburg,code12,41.1
2010,Percentage,,Female,Brandenburg,code12,50.2
2011,Percentage,,Female,Brandenburg,code12,53.6
2012,Percentage,,Female,Brandenburg,code12,51.6
2013,Percentage,,Female,Brandenburg,code12,49.0
2014,Percentage,,Female,Brandenburg,code12,50.5
2015,Percentage,,Female,Brandenburg,code12,53.2
2016,Percentage,,Female,Brandenburg,code12,54.2
2017,Percentage,,Female,Brandenburg,code12,48.4
2018,Percentage,,Female,Brandenburg,code12,53.54
2019,Percentage,,Female,Brandenburg,code12,52.09
2020,Percentage,,Female,Brandenburg,code12,57.13
2021,Percentage,,Female,Brandenburg,code12,60.912
2005,Percentage,,Female,Brandenburg,code12,36.9
2006,Percentage,,Female,Brandenburg,code12,39.5
2007,Percentage,,Female,Brandenburg,code12,42.2
2008,Percentage,,Female,Brandenburg,code12,47.1
2009,Percentage,,Female,Brandenburg,code12,47.8
2010,Percentage,,Male,Brandenburg,code12,33.4
2011,Percentage,,Male,Brandenburg,code12,35.8
2012,Percentage,,Male,Brandenburg,code12,33.9
2013,Percentage,,Male,Brandenburg,code12,36.5
2014,Percentage,,Male,Brandenburg,code12,37.6
2015,Percentage,,Male,Brandenburg,code12,34.1
2016,Percentage,,Male,Brandenburg,code12,36.9
2017,Percentage,,Male,Brandenburg,code12,36.8
2018,Percentage,,Male,Brandenburg,code12,36.84
2019,Percentage,,Male,Brandenburg,code12,36.72
2020,Percentage,,Male,Brandenburg,code12,43.02
2021,Percentage,,Male,Brandenburg,code12,48.731
2005,Percentage,,Male,Brandenburg,code12,27.5
2006,Percentage,,Male,Brandenburg,code12,27.5
2007,Percentage,,Male,Brandenburg,code12,27.3
2008,Percentage,,Male,Brandenburg,code12,30.4
2009,Percentage,,Male,Brandenburg,code12,35.2
2010,Percentage,,,Bremen,code04,41.46
2011,Percentage,,,Bremen,code04,43.16
2012,Percentage,,,Bremen,code04,41.83
2013,Percentage,,,Bremen,code04,44.32
2014,Percentage,,,Bremen,code04,53.39
2015,Percentage,,,Bremen,code04,50.5
2016,Percentage,,,Bremen,code04,46.57
2017,Percentage,,,Bremen,code04,52.05
2018,Percentage,,,Bremen,code04,52.3
2019,Percentage,,,Bremen,code04,49.13
2020,Percentage,,,Bremen,code04,49.88
2021,Percentage,,,Bremen,code04,53.977
2005,Percentage,,,Bremen,code04,33.79
2006,Percentage,,,Bremen,code04,36.8
2007,Percentage,,,Bremen,code04,38.2
2008,Percentage,,,Bremen,code04,39.4
2009,Percentage,,,Bremen,code04,32.7
2010,Percentage,,Female,Bremen,code04,36.9
2011,Percentage,,Female,Bremen,code04,47.8
2012,Percentage,,Female,Bremen,code04,46.0
2013,Percentage,,Female,Bremen,code04,48.2
2014,Percentage,,Female,Bremen,code04,57.5
2015,Percentage,,Female,Bremen,code04,54.6
2016,Percentage,,Female,Bremen,code04,50.1
2017,Percentage,,Female,Bremen,code04,57.0
2018,Percentage,,Female,Bremen,code04,56.81
2019,Percentage,,Female,Bremen,code04,56.67
2020,Percentage,,Female,Bremen,code04,58.77
2021,Percentage,,Female,Bremen,code04,60.863
2005,Percentage,,Female,Bremen,code04,35.3
2006,Percentage,,Female,Bremen,code04,40.1
2007,Percentage,,Female,Bremen,code04,40.3
2008,Percentage,,Female,Bremen,code04,40.8
2009,Percentage,,Female,Bremen,code04,36.1
2010,Percentage,,Male,Bremen,code04,46.5
2011,Percentage,,Male,Bremen,code04,37.8
2012,Percentage,,Male,Bremen,code04,38.1
2013,Percentage,,Male,Bremen,code04,41.3
2014,Percentage,,Male,Bremen,code04,49.6
2015,Percentage,,Male,Bremen,code04,46.8
2016,Percentage,,Male,Bremen,code04,42.7
2017,Percentage,,Male,Bremen,code04,47.3
2018,Percentage,,Male,Bremen,code04,47.9
2019,Percentage,,Male,Bremen,code04,42.25
2020,Percentage,,Male,Bremen,code04,41.74
2021,Percentage,,Male,Bremen,code04,48.384
2005,Percentage,,Male,Bremen,code04,32.3
2006,Percentage,,Male,Bremen,code04,33.9
2007,Percentage,,Male,Bremen,code04,36.3
2008,Percentage,,Male,Bremen,code04,38.0
2009,Percentage,,Male,Bremen,code04,28.8
2010,Percentage,,,Hamburg,code02,52.5
2011,Percentage,,,Hamburg,code02,55.37
2012,Percentage,,,Hamburg,code02,54.42
2013,Percentage,,,Hamburg,code02,55.4
2014,Percentage,,,Hamburg,code02,58.52
2015,Percentage,,,Hamburg,code02,60.57
2016,Percentage,,,Hamburg,code02,59.97
2017,Percentage,,,Hamburg,code02,58.39
2018,Percentage,,,Hamburg,code02,62.48
2019,Percentage,,,Hamburg,code02,60.12
2020,Percentage,,,Hamburg,code02,60.17
2021,Percentage,,,Hamburg,code02,64.177
2005,Percentage,,,Hamburg,code02,45.72
2006,Percentage,,,Hamburg,code02,48.6
2007,Percentage,,,Hamburg,code02,49.4
2008,Percentage,,,Hamburg,code02,50.1
2009,Percentage,,,Hamburg,code02,53.1
2010,Percentage,,Female,Hamburg,code02,53.8
2011,Percentage,,Female,Hamburg,code02,57.1
2012,Percentage,,Female,Hamburg,code02,57.6
2013,Percentage,,Female,Hamburg,code02,60.1
2014,Percentage,,Female,Hamburg,code02,61.4
2015,Percentage,,Female,Hamburg,code02,62.5
2016,Percentage,,Female,Hamburg,code02,62.1
2017,Percentage,,Female,Hamburg,code02,63.0
2018,Percentage,,Female,Hamburg,code02,64.88
2019,Percentage,,Female,Hamburg,code02,61.18
2020,Percentage,,Female,Hamburg,code02,63.23
2021,Percentage,,Female,Hamburg,code02,68.395
2005,Percentage,,Female,Hamburg,code02,47.5
2006,Percentage,,Female,Hamburg,code02,49.0
2007,Percentage,,Female,Hamburg,code02,53.8
2008,Percentage,,Female,Hamburg,code02,53.0
2009,Percentage,,Female,Hamburg,code02,54.0
2010,Percentage,,Male,Hamburg,code02,51.3
2011,Percentage,,Male,Hamburg,code02,53.6
2012,Percentage,,Male,Hamburg,code02,51.1
2013,Percentage,,Male,Hamburg,code02,50.7
2014,Percentage,,Male,Hamburg,code02,55.4
2015,Percentage,,Male,Hamburg,code02,58.5
2016,Percentage,,Male,Hamburg,code02,58.0
2017,Percentage,,Male,Hamburg,code02,53.7
2018,Percentage,,Male,Hamburg,code02,60.04
2019,Percentage,,Male,Hamburg,code02,59.1
2020,Percentage,,Male,Hamburg,code02,57.17
2021,Percentage,,Male,Hamburg,code02,59.989
2005,Percentage,,Male,Hamburg,code02,44.1
2006,Percentage,,Male,Hamburg,code02,48.3
2007,Percentage,,Male,Hamburg,code02,45.2
2008,Percentage,,Male,Hamburg,code02,47.1
2009,Percentage,,Male,Hamburg,code02,52.2
2010,Percentage,,,Hesse,code06,45.45
2011,Percentage,,,Hesse,code06,46.11
2012,Percentage,,,Hesse,code06,47.16
2013,Percentage,,,Hesse,code06,47.57
2014,Percentage,,,Hesse,code06,46.33
2015,Percentage,,,Hesse,code06,49.36
2016,Percentage,,,Hesse,code06,50.41
2017,Percentage,,,Hesse,code06,54.08
2018,Percentage,,,Hesse,code06,52.44
2019,Percentage,,,Hesse,code06,52.73
2020,Percentage,,,Hesse,code06,52.76
2021,Percentage,,,Hesse,code06,52.208
2005,Percentage,,,Hesse,code06,40.65
2006,Percentage,,,Hesse,code06,40.2
2007,Percentage,,,Hesse,code06,40.9
2008,Percentage,,,Hesse,code06,40.3
2009,Percentage,,,Hesse,code06,43.1
2010,Percentage,,Female,Hesse,code06,46.3
2011,Percentage,,Female,Hesse,code06,46.7
2012,Percentage,,Female,Hesse,code06,48.0
2013,Percentage,,Female,Hesse,code06,48.9
2014,Percentage,,Female,Hesse,code06,47.9
2015,Percentage,,Female,Hesse,code06,52.1
2016,Percentage,,Female,Hesse,code06,53.0
2017,Percentage,,Female,Hesse,code06,58.5
2018,Percentage,,Female,Hesse,code06,57.0
2019,Percentage,,Female,Hesse,code06,57.35
2020,Percentage,,Female,Hesse,code06,54.52
2021,Percentage,,Female,Hesse,code06,55.332
2005,Percentage,,Female,Hesse,code06,38.7
2006,Percentage,,Female,Hesse,code06,38.8
2007,Percentage,,Female,Hesse,code06,39.8
2008,Percentage,,Female,Hesse,code06,40.6
2009,Percentage,,Female,Hesse,code06,44.1
2010,Percentage,,Male,Hesse,code06,44.6
2011,Percentage,,Male,Hesse,code06,45.5
2012,Percentage,,Male,Hesse,code06,46.3
2013,Percentage,,Male,Hesse,code06,46.1
2014,Percentage,,Male,Hesse,code06,44.8
2015,Percentage,,Male,Hesse,code06,46.6
2016,Percentage,,Male,Hesse,code06,47.8
2017,Percentage,,Male,Hesse,code06,49.6
2018,Percentage,,Male,Hesse,code06,48.01
2019,Percentage,,Male,Hesse,code06,48.34
2020,Percentage,,Male,Hesse,code06,51.06
2021,Percentage,,Male,Hesse,code06,49.289
2005,Percentage,,Male,Hesse,code06,42.6
2006,Percentage,,Male,Hesse,code06,41.6
2007,Percentage,,Male,Hesse,code06,41.9
2008,Percentage,,Male,Hesse,code06,39.9
2009,Percentage,,Male,Hesse,code06,42.0
2010,Percentage,,,Mecklenburg Western Pomerania,code13,33.17
2011,Percentage,,,Mecklenburg Western Pomerania,code13,32.11
2012,Percentage,,,Mecklenburg Western Pomerania,code13,30.77
2013,Percentage,,,Mecklenburg Western Pomerania,code13,33.24
2014,Percentage,,,Mecklenburg Western Pomerania,code13,35.45
2015,Percentage,,,Mecklenburg Western Pomerania,code13,34.82
2016,Percentage,,,Mecklenburg Western Pomerania,code13,32.65
2017,Percentage,,,Mecklenburg Western Pomerania,code13,32.71
2018,Percentage,,,Mecklenburg Western Pomerania,code13,37.94
2019,Percentage,,,Mecklenburg Western Pomerania,code13,38.66
2020,Percentage,,,Mecklenburg Western Pomerania,code13,39.38
2021,Percentage,,,Mecklenburg Western Pomerania,code13,42.064
2005,Percentage,,,Mecklenburg Western Pomerania,code13,26.35
2006,Percentage,,,Mecklenburg Western Pomerania,code13,31.1
2007,Percentage,,,Mecklenburg Western Pomerania,code13,30.5
2008,Percentage,,,Mecklenburg Western Pomerania,code13,32.3
2009,Percentage,,,Mecklenburg Western Pomerania,code13,32.3
2010,Percentage,,Female,Mecklenburg Western Pomerania,code13,36.5
2011,Percentage,,Female,Mecklenburg Western Pomerania,code13,35.3
2012,Percentage,,Female,Mecklenburg Western Pomerania,code13,38.5
2013,Percentage,,Female,Mecklenburg Western Pomerania,code13,42.1
2014,Percentage,,Female,Mecklenburg Western Pomerania,code13,43.3
2015,Percentage,,Female,Mecklenburg Western Pomerania,code13,44.1
2016,Percentage,,Female,Mecklenburg Western Pomerania,code13,39.2
2017,Percentage,,Female,Mecklenburg Western Pomerania,code13,39.7
2018,Percentage,,Female,Mecklenburg Western Pomerania,code13,44.36
2019,Percentage,,Female,Mecklenburg Western Pomerania,code13,41.24
2020,Percentage,,Female,Mecklenburg Western Pomerania,code13,45.98
2021,Percentage,,Female,Mecklenburg Western Pomerania,code13,46.593
2005,Percentage,,Female,Mecklenburg Western Pomerania,code13,27.0
2006,Percentage,,Female,Mecklenburg Western Pomerania,code13,37.3
2007,Percentage,,Female,Mecklenburg Western Pomerania,code13,37.2
2008,Percentage,,Female,Mecklenburg Western Pomerania,code13,39.4
2009,Percentage,,Female,Mecklenburg Western Pomerania,code13,37.4
2010,Percentage,,Male,Mecklenburg Western Pomerania,code13,30.4
2011,Percentage,,Male,Mecklenburg Western Pomerania,code13,29.3
2012,Percentage,,Male,Mecklenburg Western Pomerania,code13,23.9
2013,Percentage,,Male,Mecklenburg Western Pomerania,code13,25.4
2014,Percentage,,Male,Mecklenburg Western Pomerania,code13,28.3
2015,Percentage,,Male,Mecklenburg Western Pomerania,code13,26.9
2016,Percentage,,Male,Mecklenburg Western Pomerania,code13,27.0
2017,Percentage,,Male,Mecklenburg Western Pomerania,code13,26.1
2018,Percentage,,Male,Mecklenburg Western Pomerania,code13,32.37
2019,Percentage,,Male,Mecklenburg Western Pomerania,code13,36.44
2020,Percentage,,Male,Mecklenburg Western Pomerania,code13,33.21
2021,Percentage,,Male,Mecklenburg Western Pomerania,code13,37.708
2005,Percentage,,Male,Mecklenburg Western Pomerania,code13,25.8
2006,Percentage,,Male,Mecklenburg Western Pomerania,code13,26.1
2007,Percentage,,Male,Mecklenburg Western Pomerania,code13,25.0
2008,Percentage,,Male,Mecklenburg Western Pomerania,code13,26.7
2009,Percentage,,Male,Mecklenburg Western Pomerania,code13,27.7
2010,Percentage,,,Lower Saxony,code03,36.19
2011,Percentage,,,Lower Saxony,code03,37.46
2012,Percentage,,,Lower Saxony,code03,38.13
2013,Percentage,,,Lower Saxony,code03,37.89
2014,Percentage,,,Lower Saxony,code03,40.07
2015,Percentage,,,Lower Saxony,code03,43.15
2016,Percentage,,,Lower Saxony,code03,41.38
2017,Percentage,,,Lower Saxony,code03,42.6
2018,Percentage,,,Lower Saxony,code03,44.02
2019,Percentage,,,Lower Saxony,code03,44.67
2020,Percentage,,,Lower Saxony,code03,47.84
2021,Percentage,,,Lower Saxony,code03,47.136
2005,Percentage,,,Lower Saxony,code03,32.06
2006,Percentage,,,Lower Saxony,code03,31.7
2007,Percentage,,,Lower Saxony,code03,33.0
2008,Percentage,,,Lower Saxony,code03,34.0
2009,Percentage,,,Lower Saxony,code03,35.6
2010,Percentage,,Female,Lower Saxony,code03,37.5
2011,Percentage,,Female,Lower Saxony,code03,39.6
2012,Percentage,,Female,Lower Saxony,code03,40.5
2013,Percentage,,Female,Lower Saxony,code03,38.8
2014,Percentage,,Female,Lower Saxony,code03,42.3
2015,Percentage,,Female,Lower Saxony,code03,46.3
2016,Percentage,,Female,Lower Saxony,code03,44.5
2017,Percentage,,Female,Lower Saxony,code03,45.9
2018,Percentage,,Female,Lower Saxony,code03,48.51
2019,Percentage,,Female,Lower Saxony,code03,49.04
2020,Percentage,,Female,Lower Saxony,code03,52.94
2021,Percentage,,Female,Lower Saxony,code03,51.408
2005,Percentage,,Female,Lower Saxony,code03,29.5
2006,Percentage,,Female,Lower Saxony,code03,29.9
2007,Percentage,,Female,Lower Saxony,code03,30.9
2008,Percentage,,Female,Lower Saxony,code03,33.1
2009,Percentage,,Female,Lower Saxony,code03,36.2
2010,Percentage,,Male,Lower Saxony,code03,34.9
2011,Percentage,,Male,Lower Saxony,code03,35.4
2012,Percentage,,Male,Lower Saxony,code03,35.7
2013,Percentage,,Male,Lower Saxony,code03,37.0
2014,Percentage,,Male,Lower Saxony,code03,37.9
2015,Percentage,,Male,Lower Saxony,code03,40.1
2016,Percentage,,Male,Lower Saxony,code03,38.4
2017,Percentage,,Male,Lower Saxony,code03,39.5
2018,Percentage,,Male,Lower Saxony,code03,39.82
2019,Percentage,,Male,Lower Saxony,code03,40.67
2020,Percentage,,Male,Lower Saxony,code03,42.91
2021,Percentage,,Male,Lower Saxony,code03,43.103
2005,Percentage,,Male,Lower Saxony,code03,34.6
2006,Percentage,,Male,Lower Saxony,code03,33.5
2007,Percentage,,Male,Lower Saxony,code03,35.1
2008,Percentage,,Male,Lower Saxony,code03,34.9
2009,Percentage,,Male,Lower Saxony,code03,34.9
2010,Percentage,,,North Rhine-Westphalia,code05,41.29
2011,Percentage,,,North Rhine-Westphalia,code05,42.01
2012,Percentage,,,North Rhine-Westphalia,code05,44.4
2013,Percentage,,,North Rhine-Westphalia,code05,45.0
2014,Percentage,,,North Rhine-Westphalia,code05,47.84
2015,Percentage,,,North Rhine-Westphalia,code05,48.71
2016,Percentage,,,North Rhine-Westphalia,code05,50.25
2017,Percentage,,,North Rhine-Westphalia,code05,51.04
2018,Percentage,,,North Rhine-Westphalia,code05,50.57
2019,Percentage,,,North Rhine-Westphalia,code05,50.93
2020,Percentage,,,North Rhine-Westphalia,code05,54.4
2021,Percentage,,,North Rhine-Westphalia,code05,53.889
2005,Percentage,,,North Rhine-Westphalia,code05,36.96
2006,Percentage,,,North Rhine-Westphalia,code05,37.8
2007,Percentage,,,North Rhine-Westphalia,code05,38.7
2008,Percentage,,,North Rhine-Westphalia,code05,40.9
2009,Percentage,,,North Rhine-Westphalia,code05,41.7
2010,Percentage,,Female,North Rhine-Westphalia,code05,42.1
2011,Percentage,,Female,North Rhine-Westphalia,code05,43.8
2012,Percentage,,Female,North Rhine-Westphalia,code05,46.8
2013,Percentage,,Female,North Rhine-Westphalia,code05,47.4
2014,Percentage,,Female,North Rhine-Westphalia,code05,50.8
2015,Percentage,,Female,North Rhine-Westphalia,code05,52.6
2016,Percentage,,Female,North Rhine-Westphalia,code05,54.2
2017,Percentage,,Female,North Rhine-Westphalia,code05,54.6
2018,Percentage,,Female,North Rhine-Westphalia,code05,55.14
2019,Percentage,,Female,North Rhine-Westphalia,code05,55.34
2020,Percentage,,Female,North Rhine-Westphalia,code05,60.29
2021,Percentage,,Female,North Rhine-Westphalia,code05,57.84
2005,Percentage,,Female,North Rhine-Westphalia,code05,36.4
2006,Percentage,,Female,North Rhine-Westphalia,code05,38.0
2007,Percentage,,Female,North Rhine-Westphalia,code05,38.4
2008,Percentage,,Female,North Rhine-Westphalia,code05,41.5
2009,Percentage,,Female,North Rhine-Westphalia,code05,42.6
2010,Percentage,,Male,North Rhine-Westphalia,code05,40.5
2011,Percentage,,Male,North Rhine-Westphalia,code05,40.3
2012,Percentage,,Male,North Rhine-Westphalia,code05,42.0
2013,Percentage,,Male,North Rhine-Westphalia,code05,42.6
2014,Percentage,,Male,North Rhine-Westphalia,code05,44.8
2015,Percentage,,Male,North Rhine-Westphalia,code05,44.8
2016,Percentage,,Male,North Rhine-Westphalia,code05,46.3
2017,Percentage,,Male,North Rhine-Westphalia,code05,47.6
2018,Percentage,,Male,North Rhine-Westphalia,code05,46.1
2019,Percentage,,Male,North Rhine-Westphalia,code05,46.71
2020,Percentage,,Male,North Rhine-Westphalia,code05,48.73
2021,Percentage,,Male,North Rhine-Westphalia,code05,50.102
2005,Percentage,,Male,North Rhine-Westphalia,code05,37.5
2006,Percentage,,Male,North Rhine-Westphalia,code05,37.7
2007,Percentage,,Male,North Rhine-Westphalia,code05,39.0
2008,Percentage,,Male,North Rhine-Westphalia,code05,40.3
2009,Percentage,,Male,North Rhine-Westphalia,code05,40.8
2010,Percentage,,,Rhineland Palatinate,code07,38.49
2011,Percentage,,,Rhineland Palatinate,code07,39.96
2012,Percentage,,,Rhineland Palatinate,code07,42.26
2013,Percentage,,,Rhineland Palatinate,code07,41.9
2014,Percentage,,,Rhineland Palatinate,code07,43.67
2015,Percentage,,,Rhineland Palatinate,code07,42.58
2016,Percentage,,,Rhineland Palatinate,code07,44.23
2017,Percentage,,,Rhineland Palatinate,code07,44.14
2018,Percentage,,,Rhineland Palatinate,code07,44.58
2019,Percentage,,,Rhineland Palatinate,code07,48.18
2020,Percentage,,,Rhineland Palatinate,code07,50.02
2021,Percentage,,,Rhineland Palatinate,code07,50.311
2005,Percentage,,,Rhineland Palatinate,code07,30.42
2006,Percentage,,,Rhineland Palatinate,code07,31.9
2007,Percentage,,,Rhineland Palatinate,code07,32.9
2008,Percentage,,,Rhineland Palatinate,code07,35.3
2009,Percentage,,,Rhineland Palatinate,code07,36.7
2010,Percentage,,Female,Rhineland Palatinate,code07,37.0
2011,Percentage,,Female,Rhineland Palatinate,code07,40.9
2012,Percentage,,Female,Rhineland Palatinate,code07,42.3
2013,Percentage,,Female,Rhineland Palatinate,code07,42.2
2014,Percentage,,Female,Rhineland Palatinate,code07,45.6
2015,Percentage,,Female,Rhineland Palatinate,code07,44.6
2016,Percentage,,Female,Rhineland Palatinate,code07,46.6
2017,Percentage,,Female,Rhineland Palatinate,code07,47.9
2018,Percentage,,Female,Rhineland Palatinate,code07,46.72
2019,Percentage,,Female,Rhineland Palatinate,code07,51.27
2020,Percentage,,Female,Rhineland Palatinate,code07,53.55
2021,Percentage,,Female,Rhineland Palatinate,code07,52.863
2005,Percentage,,Female,Rhineland Palatinate,code07,26.6
2006,Percentage,,Female,Rhineland Palatinate,code07,29.3
2007,Percentage,,Female,Rhineland Palatinate,code07,31.8
2008,Percentage,,Female,Rhineland Palatinate,code07,35.1
2009,Percentage,,Female,Rhineland Palatinate,code07,37.0
2010,Percentage,,Male,Rhineland Palatinate,code07,40.1
2011,Percentage,,Male,Rhineland Palatinate,code07,39.0
2012,Percentage,,Male,Rhineland Palatinate,code07,42.2
2013,Percentage,,Male,Rhineland Palatinate,code07,41.7
2014,Percentage,,Male,Rhineland Palatinate,code07,41.6
2015,Percentage,,Male,Rhineland Palatinate,code07,40.6
2016,Percentage,,Male,Rhineland Palatinate,code07,41.9
2017,Percentage,,Male,Rhineland Palatinate,code07,40.4
2018,Percentage,,Male,Rhineland Palatinate,code07,42.47
2019,Percentage,,Male,Rhineland Palatinate,code07,45.23
2020,Percentage,,Male,Rhineland Palatinate,code07,46.46
2021,Percentage,,Male,Rhineland Palatinate,code07,47.89
2005,Percentage,,Male,Rhineland Palatinate,code07,34.6
2006,Percentage,,Male,Rhineland Palatinate,code07,34.7
2007,Percentage,,Male,Rhineland Palatinate,code07,34.0
2008,Percentage,,Male,Rhineland Palatinate,code07,35.5
2009,Percentage,,Male,Rhineland Palatinate,code07,36.3
2010,Percentage,,,Saarland,code10,32.86
2011,Percentage,,,Saarland,code10,34.78
2012,Percentage,,,Saarland,code10,38.26
2013,Percentage,,,Saarland,code10,35.69
2014,Percentage,,,Saarland,code10,35.75
2015,Percentage,,,Saarland,code10,40.2
2016,Percentage,,,Saarland,code10,41.4
2017,Percentage,,,Saarland,code10,39.83
2018,Percentage,,,Saarland,code10,44.6
2019,Percentage,,,Saarland,code10,47.73
2020,Percentage,,,Saarland,code10,55.3
2021,Percentage,,,Saarland,code10,56.152
2005,Percentage,,,Saarland,code10,32.67
2006,Percentage,,,Saarland,code10,35.0
2007,Percentage,,,Saarland,code10,32.4
2008,Percentage,,,Saarland,code10,36.2
2009,Percentage,,,Saarland,code10,37.2
2010,Percentage,,Female,Saarland,code10,36.8
2011,Percentage,,Female,Saarland,code10,38.7
2012,Percentage,,Female,Saarland,code10,42.2
2013,Percentage,,Female,Saarland,code10,39.9
2014,Percentage,,Female,Saarland,code10,35.8
2015,Percentage,,Female,Saarland,code10,41.3
2016,Percentage,,Female,Saarland,code10,37.9
2017,Percentage,,Female,Saarland,code10,40.4
2018,Percentage,,Female,Saarland,code10,49.16
2019,Percentage,,Female,Saarland,code10,54.21
2020,Percentage,,Female,Saarland,code10,65.87
2021,Percentage,,Female,Saarland,code10,61.148
2005,Percentage,,Female,Saarland,code10,32.8
2006,Percentage,,Female,Saarland,code10,35.0
2007,Percentage,,Female,Saarland,code10,33.0
2008,Percentage,,Female,Saarland,code10,37.2
2009,Percentage,,Female,Saarland,code10,40.2
2010,Percentage,,Male,Saarland,code10,28.8
2011,Percentage,,Male,Saarland,code10,30.8
2012,Percentage,,Male,Saarland,code10,34.7
2013,Percentage,,Male,Saarland,code10,32.3
2014,Percentage,,Male,Saarland,code10,35.8
2015,Percentage,,Male,Saarland,code10,39.2
2016,Percentage,,Male,Saarland,code10,44.4
2017,Percentage,,Male,Saarland,code10,39.4
2018,Percentage,,Male,Saarland,code10,40.81
2019,Percentage,,Male,Saarland,code10,41.48
2020,Percentage,,Male,Saarland,code10,44.2
2021,Percentage,,Male,Saarland,code10,51.589
2005,Percentage,,Male,Saarland,code10,32.5
2006,Percentage,,Male,Saarland,code10,35.0
2007,Percentage,,Male,Saarland,code10,31.7
2008,Percentage,,Male,Saarland,code10,35.1
2009,Percentage,,Male,Saarland,code10,34.2
2010,Percentage,,,Saxony,code14,46.36
2011,Percentage,,,Saxony,code14,44.03
2012,Percentage,,,Saxony,code14,42.67
2013,Percentage,,,Saxony,code14,45.8
2014,Percentage,,,Saxony,code14,46.18
2015,Percentage,,,Saxony,code14,48.27
2016,Percentage,,,Saxony,code14,46.22
2017,Percentage,,,Saxony,code14,48.01
2018,Percentage,,,Saxony,code14,49.18
2019,Percentage,,,Saxony,code14,50.72
2020,Percentage,,,Saxony,code14,51.6
2021,Percentage,,,Saxony,code14,52.548
2005,Percentage,,,Saxony,code14,37.89
2006,Percentage,,,Saxony,code14,40.6
2007,Percentage,,,Saxony,code14,44.3
2008,Percentage,,,Saxony,code14,44.4
2009,Percentage,,,Saxony,code14,46.0
2010,Percentage,,Female,Saxony,code14,55.0
2011,Percentage,,Female,Saxony,code14,53.1
2012,Percentage,,Female,Saxony,code14,50.5
2013,Percentage,,Female,Saxony,code14,55.4
2014,Percentage,,Female,Saxony,code14,54.3
2015,Percentage,,Female,Saxony,code14,56.3
2016,Percentage,,Female,Saxony,code14,54.9
2017,Percentage,,Female,Saxony,code14,56.9
2018,Percentage,,Female,Saxony,code14,57.38
2019,Percentage,,Female,Saxony,code14,59.76
2020,Percentage,,Female,Saxony,code14,58.95
2021,Percentage,,Female,Saxony,code14,59.178
2005,Percentage,,Female,Saxony,code14,42.1
2006,Percentage,,Female,Saxony,code14,48.2
2007,Percentage,,Female,Saxony,code14,52.4
2008,Percentage,,Female,Saxony,code14,52.4
2009,Percentage,,Female,Saxony,code14,55.4
2010,Percentage,,Male,Saxony,code14,38.6
2011,Percentage,,Male,Saxony,code14,36.2
2012,Percentage,,Male,Saxony,code14,36.0
2013,Percentage,,Male,Saxony,code14,37.8
2014,Percentage,,Male,Saxony,code14,39.1
2015,Percentage,,Male,Saxony,code14,41.0
2016,Percentage,,Male,Saxony,code14,38.4
2017,Percentage,,Male,Saxony,code14,39.9
2018,Percentage,,Male,Saxony,code14,41.56
2019,Percentage,,Male,Saxony,code14,41.69
2020,Percentage,,Male,Saxony,code14,44.42
2021,Percentage,,Male,Saxony,code14,46.283
2005,Percentage,,Male,Saxony,code14,34.3
2006,Percentage,,Male,Saxony,code14,34.0
2007,Percentage,,Male,Saxony,code14,37.3
2008,Percentage,,Male,Saxony,code14,37.8
2009,Percentage,,Male,Saxony,code14,37.8
2010,Percentage,,,Saxony-Anhalt,code15,32.16
2011,Percentage,,,Saxony-Anhalt,code15,31.44
2012,Percentage,,,Saxony-Anhalt,code15,30.9
2013,Percentage,,,Saxony-Anhalt,code15,30.62
2014,Percentage,,,Saxony-Anhalt,code15,32.35
2015,Percentage,,,Saxony-Anhalt,code15,34.21
2016,Percentage,,,Saxony-Anhalt,code15,33.41
2017,Percentage,,,Saxony-Anhalt,code15,35.82
2018,Percentage,,,Saxony-Anhalt,code15,38.58
2019,Percentage,,,Saxony-Anhalt,code15,36.57
2020,Percentage,,,Saxony-Anhalt,code15,39.88
2021,Percentage,,,Saxony-Anhalt,code15,40.282
2005,Percentage,,,Saxony-Anhalt,code15,27.9
2006,Percentage,,,Saxony-Anhalt,code15,28.4
2007,Percentage,,,Saxony-Anhalt,code15,27.0
2008,Percentage,,,Saxony-Anhalt,code15,30.3
2009,Percentage,,,Saxony-Anhalt,code15,32.3
2010,Percentage,,Female,Saxony-Anhalt,code15,37.1
2011,Percentage,,Female,Saxony-Anhalt,code15,37.2
2012,Percentage,,Female,Saxony-Anhalt,code15,36.3
2013,Percentage,,Female,Saxony-Anhalt,code15,36.5
2014,Percentage,,Female,Saxony-Anhalt,code15,38.9
2015,Percentage,,Female,Saxony-Anhalt,code15,39.8
2016,Percentage,,Female,Saxony-Anhalt,code15,41.5
2017,Percentage,,Female,Saxony-Anhalt,code15,41.2
2018,Percentage,,Female,Saxony-Anhalt,code15,44.33
2019,Percentage,,Female,Saxony-Anhalt,code15,41.27
2020,Percentage,,Female,Saxony-Anhalt,code15,50.36
2021,Percentage,,Female,Saxony-Anhalt,code15,49.164
2005,Percentage,,Female,Saxony-Anhalt,code15,31.2
2006,Percentage,,Female,Saxony-Anhalt,code15,32.1
2007,Percentage,,Female,Saxony-Anhalt,code15,34.2
2008,Percentage,,Female,Saxony-Anhalt,code15,36.6
2009,Percentage,,Female,Saxony-Anhalt,code15,36.9
2010,Percentage,,Male,Saxony-Anhalt,code15,27.5
2011,Percentage,,Male,Saxony-Anhalt,code15,26.2
2012,Percentage,,Male,Saxony-Anhalt,code15,25.9
2013,Percentage,,Male,Saxony-Anhalt,code15,25.6
2014,Percentage,,Male,Saxony-Anhalt,code15,26.5
2015,Percentage,,Male,Saxony-Anhalt,code15,29.6
2016,Percentage,,Male,Saxony-Anhalt,code15,26.4
2017,Percentage,,Male,Saxony-Anhalt,code15,30.8
2018,Percentage,,Male,Saxony-Anhalt,code15,32.81
2019,Percentage,,Male,Saxony-Anhalt,code15,32.34
2020,Percentage,,Male,Saxony-Anhalt,code15,30.51
2021,Percentage,,Male,Saxony-Anhalt,code15,31.979
2005,Percentage,,Male,Saxony-Anhalt,code15,25.2
2006,Percentage,,Male,Saxony-Anhalt,code15,24.9
2007,Percentage,,Male,Saxony-Anhalt,code15,20.8
2008,Percentage,,Male,Saxony-Anhalt,code15,24.7
2009,Percentage,,Male,Saxony-Anhalt,code15,27.9
2010,Percentage,,,Schleswig-Holstein,code01,35.78
2011,Percentage,,,Schleswig-Holstein,code01,40.39
2012,Percentage,,,Schleswig-Holstein,code01,37.28
2013,Percentage,,,Schleswig-Holstein,code01,38.19
2014,Percentage,,,Schleswig-Holstein,code01,38.89
2015,Percentage,,,Schleswig-Holstein,code01,39.66
2016,Percentage,,,Schleswig-Holstein,code01,40.06
2017,Percentage,,,Schleswig-Holstein,code01,42.43
2018,Percentage,,,Schleswig-Holstein,code01,43.39
2019,Percentage,,,Schleswig-Holstein,code01,43.43
2020,Percentage,,,Schleswig-Holstein,code01,43.426
2021,Percentage,,,Schleswig-Holstein,code01,46.573
2005,Percentage,,,Schleswig-Holstein,code01,32.52
2006,Percentage,,,Schleswig-Holstein,code01,30.6
2007,Percentage,,,Schleswig-Holstein,code01,31.8
2008,Percentage,,,Schleswig-Holstein,code01,32.1
2009,Percentage,,,Schleswig-Holstein,code01,34.6
2010,Percentage,,Female,Schleswig-Holstein,code01,36.7
2011,Percentage,,Female,Schleswig-Holstein,code01,41.7
2012,Percentage,,Female,Schleswig-Holstein,code01,39.2
2013,Percentage,,Female,Schleswig-Holstein,code01,40.7
2014,Percentage,,Female,Schleswig-Holstein,code01,40.7
2015,Percentage,,Female,Schleswig-Holstein,code01,43.9
2016,Percentage,,Female,Schleswig-Holstein,code01,42.9
2017,Percentage,,Female,Schleswig-Holstein,code01,47.0
2018,Percentage,,Female,Schleswig-Holstein,code01,49.13
2019,Percentage,,Female,Schleswig-Holstein,code01,45.8
2020,Percentage,,Female,Schleswig-Holstein,code01,45.802
2021,Percentage,,Female,Schleswig-Holstein,code01,51.306
2005,Percentage,,Female,Schleswig-Holstein,code01,32.1
2006,Percentage,,Female,Schleswig-Holstein,code01,30.9
2007,Percentage,,Female,Schleswig-Holstein,code01,31.2
2008,Percentage,,Female,Schleswig-Holstein,code01,32.7
2009,Percentage,,Female,Schleswig-Holstein,code01,35.8
2010,Percentage,,Male,Schleswig-Holstein,code01,34.9
2011,Percentage,,Male,Schleswig-Holstein,code01,39.0
2012,Percentage,,Male,Schleswig-Holstein,code01,35.3
2013,Percentage,,Male,Schleswig-Holstein,code01,35.4
2014,Percentage,,Male,Schleswig-Holstein,code01,37.0
2015,Percentage,,Male,Schleswig-Holstein,code01,35.5
2016,Percentage,,Male,Schleswig-Holstein,code01,37.4
2017,Percentage,,Male,Schleswig-Holstein,code01,37.9
2018,Percentage,,Male,Schleswig-Holstein,code01,37.78
2019,Percentage,,Male,Schleswig-Holstein,code01,41.15
2020,Percentage,,Male,Schleswig-Holstein,code01,41.153
2021,Percentage,,Male,Schleswig-Holstein,code01,42.166
2005,Percentage,,Male,Schleswig-Holstein,code01,33.0
2006,Percentage,,Male,Schleswig-Holstein,code01,30.3
2007,Percentage,,Male,Schleswig-Holstein,code01,32.5
2008,Percentage,,Male,Schleswig-Holstein,code01,31.3
2009,Percentage,,Male,Schleswig-Holstein,code01,33.4
2010,Percentage,,,Thuringia,code16,36.4
2011,Percentage,,,Thuringia,code16,37.2
2012,Percentage,,,Thuringia,code16,39.1
2013,Percentage,,,Thuringia,code16,39.8
2014,Percentage,,,Thuringia,code16,37.6
2015,Percentage,,,Thuringia,code16,36.89
2016,Percentage,,,Thuringia,code16,40.28
2017,Percentage,,,Thuringia,code16,40.68
2018,Percentage,,,Thuringia,code16,44.57
2019,Percentage,,,Thuringia,code16,44.77
2020,Percentage,,,Thuringia,code16,44.773
2021,Percentage,,,Thuringia,code16,46.885
2005,Percentage,,,Thuringia,code16,31.24
2006,Percentage,,,Thuringia,code16,32.2
2007,Percentage,,,Thuringia,code16,36.5
2008,Percentage,,,Thuringia,code16,35.7
2009,Percentage,,,Thuringia,code16,35.4
2010,Percentage,,Female,Thuringia,code16,43.0
2011,Percentage,,Female,Thuringia,code16,45.2
2012,Percentage,,Female,Thuringia,code16,46.3
2013,Percentage,,Female,Thuringia,code16,47.1
2014,Percentage,,Female,Thuringia,code16,44.5
2015,Percentage,,Female,Thuringia,code16,45.4
2016,Percentage,,Female,Thuringia,code16,48.0
2017,Percentage,,Female,Thuringia,code16,49.5
2018,Percentage,,Female,Thuringia,code16,51.74
2019,Percentage,,Female,Thuringia,code16,51.22
2020,Percentage,,Female,Thuringia,code16,51.22
2021,Percentage,,Female,Thuringia,code16,53.721
2005,Percentage,,Female,Thuringia,code16,33.8
2006,Percentage,,Female,Thuringia,code16,35.1
2007,Percentage,,Female,Thuringia,code16,40.8
2008,Percentage,,Female,Thuringia,code16,41.9
2009,Percentage,,Female,Thuringia,code16,42.5
2010,Percentage,,Male,Thuringia,code16,30.5
2011,Percentage,,Male,Thuringia,code16,29.9
2012,Percentage,,Male,Thuringia,code16,32.8
2013,Percentage,,Male,Thuringia,code16,33.0
2014,Percentage,,Male,Thuringia,code16,31.3
2015,Percentage,,Male,Thuringia,code16,29.9
2016,Percentage,,Male,Thuringia,code16,33.4
2017,Percentage,,Male,Thuringia,code16,32.9
2018,Percentage,,Male,Thuringia,code16,38.1
2019,Percentage,,Male,Thuringia,code16,38.9
2020,Percentage,,Male,Thuringia,code16,38.895
2021,Percentage,,Male,Thuringia,code16,40.853
2005,Percentage,,Male,Thuringia,code16,29.1
2006,Percentage,,Male,Thuringia,code16,29.7
2007,Percentage,,Male,Thuringia,code16,32.6
2008,Percentage,,Male,Thuringia,code16,30.4
2009,Percentage,,Male,Thuringia,code16,29.1
1999,Percentage,With tertiary qualification,,,,24.5
2010,Percentage,With tertiary qualification,,,,29.7
2011,Percentage,With tertiary qualification,,,,30.6
2012,Percentage,With tertiary qualification,,,,31.8
2013,Percentage,With tertiary qualification,,,,32.9
2014,Percentage,With tertiary qualification,,,,31.4
2015,Percentage,With tertiary qualification,,,,32.3
2016,Percentage,With tertiary qualification,,,,33.2
2017,Percentage,With tertiary qualification,,,,34.0
2018,Percentage,With tertiary qualification,,,,34.9
2019,Percentage,With tertiary qualification,,,,35.5
2020,Percentage,With tertiary qualification,,,,36.6
2021,Percentage,With tertiary qualification,,,,38.9
2022,Percentage,With tertiary qualification,,,,39.3
2000,Percentage,With tertiary qualification,,,,25.7
2001,Percentage,With tertiary qualification,,,,25.5
2002,Percentage,With tertiary qualification,,,,24.2
2003,Percentage,With tertiary qualification,,,,25.1
2004,Percentage,With tertiary qualification,,,,26.8
2005,Percentage,With tertiary qualification,,,,26.1
2006,Percentage,With tertiary qualification,,,,25.8
2007,Percentage,With tertiary qualification,,,,26.5
2008,Percentage,With tertiary qualification,,,,27.7
2009,Percentage,With tertiary qualification,,,,29.4
2030,Percentage,With tertiary qualification,,,,
1999,Percentage,With tertiary qualification,Female,,,20.9
2010,Percentage,With tertiary qualification,Female,,,29.4
2011,Percentage,With tertiary qualification,Female,,,31.3
2012,Percentage,With tertiary qualification,Female,,,32.6
2013,Percentage,With tertiary qualification,Female,,,33.7
2014,Percentage,With tertiary qualification,Female,,,30.8
2015,Percentage,With tertiary qualification,Female,,,32.4
2016,Percentage,With tertiary qualification,Female,,,33.0
2017,Percentage,With tertiary qualification,Female,,,34.2
2018,Percentage,With tertiary qualification,Female,,,35.4
2019,Percentage,With tertiary qualification,Female,,,35.9
2020,Percentage,With tertiary qualification,Female,,,36.6
2021,Percentage,With tertiary qualification,Female,,,39.6
2022,Percentage,With tertiary qualification,Female,,,40.6
2000,Percentage,With tertiary qualification,Female,,,22.6
2001,Percentage,With tertiary qualification,Female,,,21.9
2002,Percentage,With tertiary qualification,Female,,,21.4
2003,Percentage,With tertiary qualification,Female,,,22.5
2004,Percentage,With tertiary qualification,Female,,,24.3
2005,Percentage,With tertiary qualification,Female,,,24.1
2006,Percentage,With tertiary qualification,Female,,,24.4
2007,Percentage,With tertiary qualification,Female,,,25.7
2008,Percentage,With tertiary qualification,Female,,,27.0
2009,Percentage,With tertiary qualification,Female,,,29.2
1999,Percentage,With tertiary qualification,Male,,,28.0
2010,Percentage,With tertiary qualification,Male,,,29.9
2011,Percentage,With tertiary qualification,Male,,,29.9
2012,Percentage,With tertiary qualification,Male,,,31.0
2013,Percentage,With tertiary qualification,Male,,,32.2
2014,Percentage,With tertiary qualification,Male,,,32.0
2015,Percentage,With tertiary qualification,Male,,,32.2
2016,Percentage,With tertiary qualification,Male,,,33.4
2017,Percentage,With tertiary qualification,Male,,,33.8
2018,Percentage,With tertiary qualification,Male,,,34.5
2019,Percentage,With tertiary qualification,Male,,,35.1
2020,Percentage,With tertiary qualification,Male,,,36.6
2021,Percentage,With tertiary qualification,Male,,,38.3
2022,Percentage,With tertiary qualification,Male,,,38.1
2000,Percentage,With tertiary qualification,Male,,,28.8
2001,Percentage,With tertiary qualification,Male,,,29.0
2002,Percentage,With tertiary qualification,Male,,,26.8
2003,Percentage,With tertiary qualification,Male,,,27.5
2004,Percentage,With tertiary qualification,Male,,,29.1
2005,Percentage,With tertiary qualification,Male,,,28.0
2006,Percentage,With tertiary qualification,Male,,,27.2
2007,Percentage,With tertiary qualification,Male,,,27.3
2008,Percentage,With tertiary qualification,Male,,,28.3
2009,Percentage,With tertiary qualification,Male,,,29.6
1999,Percentage,With post-secondary non-tertiary qualification,,,,8.55
2010,Percentage,With post-secondary non-tertiary qualification,,,,11.545
2011,Percentage,With post-secondary non-tertiary qualification,,,,11.548
2012,Percentage,With post-secondary non-tertiary qualification,,,,11.535
2013,Percentage,With post-secondary non-tertiary qualification,,,,11.4
2014,Percentage,With post-secondary non-tertiary qualification,,,,14.306
2015,Percentage,With post-secondary non-tertiary qualification,,,,14.515
2016,Percentage,With post-secondary non-tertiary qualification,,,,14.779
2017,Percentage,With post-secondary non-tertiary qualification,,,,14.836
2018,Percentage,With post-secondary non-tertiary qualification,,,,14.907
2019,Percentage,With post-secondary non-tertiary qualification,,,,14.988
2020,Percentage,With post-secondary non-tertiary qualification,,,,15.7
2021,Percentage,With post-secondary non-tertiary qualification,,,,15.4
2022,Percentage,With post-secondary non-tertiary qualification,,,,
2000,Percentage,With post-secondary non-tertiary qualification,,,,7.666
2001,Percentage,With post-secondary non-tertiary qualification,,,,8.12
2002,Percentage,With post-secondary non-tertiary qualification,,,,8.206
2003,Percentage,With post-secondary non-tertiary qualification,,,,8.847
2004,Percentage,With post-secondary non-tertiary qualification,,,,9.463
2005,Percentage,With post-secondary non-tertiary qualification,,,,9.923
2006,Percentage,With post-secondary non-tertiary qualification,,,,10.655
2007,Percentage,With post-secondary non-tertiary qualification,,,,11.135
2008,Percentage,With post-secondary non-tertiary qualification,,,,11.163
2009,Percentage,With post-secondary non-tertiary qualification,,,,11.343
2030,Percentage,With post-secondary non-tertiary qualification,,,,
1999,Percentage,With post-secondary non-tertiary qualification,Female,,,10.031
2010,Percentage,With post-secondary non-tertiary qualification,Female,,,13.019
2011,Percentage,With post-secondary non-tertiary qualification,Female,,,12.891
2012,Percentage,With post-secondary non-tertiary qualification,Female,,,13.171
2013,Percentage,With post-secondary non-tertiary qualification,Female,,,12.803
2014,Percentage,With post-secondary non-tertiary qualification,Female,,,17.611
2015,Percentage,With post-secondary non-tertiary qualification,Female,,,18.2
2016,Percentage,With post-secondary non-tertiary qualification,Female,,,18.395
2017,Percentage,With post-secondary non-tertiary qualification,Female,,,18.449
2018,Percentage,With post-secondary non-tertiary qualification,Female,,,18.492
2019,Percentage,With post-secondary non-tertiary qualification,Female,,,18.411
2020,Percentage,With post-secondary non-tertiary qualification,Female,,,19.328
2021,Percentage,With post-secondary non-tertiary qualification,Female,,,18.8
2022,Percentage,With post-secondary non-tertiary qualification,Female,,,
2000,Percentage,With post-secondary non-tertiary qualification,Female,,,9.101
2001,Percentage,With post-secondary non-tertiary qualification,Female,,,9.4
2002,Percentage,With post-secondary non-tertiary qualification,Female,,,9.16
2003,Percentage,With post-secondary non-tertiary qualification,Female,,,9.682
2004,Percentage,With post-secondary non-tertiary qualification,Female,,,10.395
2005,Percentage,With post-secondary non-tertiary qualification,Female,,,10.873
2006,Percentage,With post-secondary non-tertiary qualification,Female,,,12.066
2007,Percentage,With post-secondary non-tertiary qualification,Female,,,12.363
2008,Percentage,With post-secondary non-tertiary qualification,Female,,,12.711
2009,Percentage,With post-secondary non-tertiary qualification,Female,,,13.032
1999,Percentage,With post-secondary non-tertiary qualification,Male,,,7.144
2010,Percentage,With post-secondary non-tertiary qualification,Male,,,10.095
2011,Percentage,With post-secondary non-tertiary qualification,Male,,,10.23
2012,Percentage,With post-secondary non-tertiary qualification,Male,,,9.935
2013,Percentage,With post-secondary non-tertiary qualification,Male,,,10.018
2014,Percentage,With post-secondary non-tertiary qualification,Male,,,11.015
2015,Percentage,With post-secondary non-tertiary qualification,Male,,,10.918
2016,Percentage,With post-secondary non-tertiary qualification,Male,,,11.274
2017,Percentage,With post-secondary non-tertiary qualification,Male,,,11.372
2018,Percentage,With post-secondary non-tertiary qualification,Male,,,11.485
2019,Percentage,With post-secondary non-tertiary qualification,Male,,,11.664
2020,Percentage,With post-secondary non-tertiary qualification,Male,,,12.261
2021,Percentage,With post-secondary non-tertiary qualification,Male,,,12.1
2022,Percentage,With post-secondary non-tertiary qualification,Male,,,
2000,Percentage,With post-secondary non-tertiary qualification,Male,,,6.283
2001,Percentage,With post-secondary non-tertiary qualification,Male,,,6.869
2002,Percentage,With post-secondary non-tertiary qualification,Male,,,7.29
2003,Percentage,With post-secondary non-tertiary qualification,Male,,,8.062
2004,Percentage,With post-secondary non-tertiary qualification,Male,,,8.571
2005,Percentage,With post-secondary non-tertiary qualification,Male,,,8.995
2006,Percentage,With post-secondary non-tertiary qualification,Male,,,9.273
2007,Percentage,With post-secondary non-tertiary qualification,Male,,,9.941
2008,Percentage,With post-secondary non-tertiary qualification,Male,,,9.633
2009,Percentage,With post-secondary non-tertiary qualification,Male,,,9.673
