Year,Units,Zeitreihe,Gebiet,Geschlecht,Value
2010,Prozent,Materielle Deprivation,Europäische Union,,17.8
2011,Prozent,Materielle Deprivation,Europäische Union,,18.5
2012,Prozent,Materielle Deprivation,Europäische Union,,19.8
2013,Prozent,Materielle Deprivation,Europäische Union,,19.5
2014,Prozent,Materielle Deprivation,Europäische Union,,18.5
2015,Prozent,Materielle Deprivation,Europäische Union,,17.0
2016,Prozent,Materielle Deprivation,Europäische Union,,15.7
2017,Prozent,Materielle Deprivation,Europäische Union,,14.5
2018,Prozent,Materielle Deprivation,Europäische Union,,13.1
2019,Prozent,Materielle Deprivation,Europäische Union,,12.0
2020,Prozent,Materielle Deprivation,Europäische Union,,13.3
2010,Prozent,Materielle Deprivation,Europäische Union,Weiblich,18.4
2011,Prozent,Materielle Deprivation,Europäische Union,Weiblich,19.1
2012,Prozent,Materielle Deprivation,Europäische Union,Weiblich,20.3
2013,Prozent,Materielle Deprivation,Europäische Union,Weiblich,20.1
2014,Prozent,Materielle Deprivation,Europäische Union,Weiblich,19.1
2015,Prozent,Materielle Deprivation,Europäische Union,Weiblich,17.5
2016,Prozent,Materielle Deprivation,Europäische Union,Weiblich,16.3
2017,Prozent,Materielle Deprivation,Europäische Union,Weiblich,15.0
2018,Prozent,Materielle Deprivation,Europäische Union,Weiblich,13.6
2019,Prozent,Materielle Deprivation,Europäische Union,Weiblich,12.5
2020,Prozent,Materielle Deprivation,Europäische Union,Weiblich,13.7
2010,Prozent,Materielle Deprivation,Europäische Union,Männlich,17.2
2011,Prozent,Materielle Deprivation,Europäische Union,Männlich,17.8
2012,Prozent,Materielle Deprivation,Europäische Union,Männlich,19.1
2013,Prozent,Materielle Deprivation,Europäische Union,Männlich,18.9
2014,Prozent,Materielle Deprivation,Europäische Union,Männlich,17.9
2015,Prozent,Materielle Deprivation,Europäische Union,Männlich,16.5
2016,Prozent,Materielle Deprivation,Europäische Union,Männlich,15.2
2017,Prozent,Materielle Deprivation,Europäische Union,Männlich,13.9
2018,Prozent,Materielle Deprivation,Europäische Union,Männlich,12.6
2019,Prozent,Materielle Deprivation,Europäische Union,Männlich,11.4
2020,Prozent,Materielle Deprivation,Europäische Union,Männlich,13.0
2010,Prozent,Materielle Deprivation,Deutschland,,11.1
2011,Prozent,Materielle Deprivation,Deutschland,,12.4
2012,Prozent,Materielle Deprivation,Deutschland,,11.3
2013,Prozent,Materielle Deprivation,Deutschland,,11.6
2014,Prozent,Materielle Deprivation,Deutschland,,11.3
2015,Prozent,Materielle Deprivation,Deutschland,,10.7
2016,Prozent,Materielle Deprivation,Deutschland,,9.7
2017,Prozent,Materielle Deprivation,Deutschland,,9.1
2018,Prozent,Materielle Deprivation,Deutschland,,7.8
2019,Prozent,Materielle Deprivation,Deutschland,,6.8
2020,Prozent,Materielle Deprivation,Deutschland,,13.4
2010,Prozent,Materielle Deprivation,Deutschland,Weiblich,11.5
2011,Prozent,Materielle Deprivation,Deutschland,Weiblich,13.3
2012,Prozent,Materielle Deprivation,Deutschland,Weiblich,12.2
2013,Prozent,Materielle Deprivation,Deutschland,Weiblich,12.5
2014,Prozent,Materielle Deprivation,Deutschland,Weiblich,12.1
2015,Prozent,Materielle Deprivation,Deutschland,Weiblich,11.2
2016,Prozent,Materielle Deprivation,Deutschland,Weiblich,10.4
2017,Prozent,Materielle Deprivation,Deutschland,Weiblich,9.9
2018,Prozent,Materielle Deprivation,Deutschland,Weiblich,8.1
2019,Prozent,Materielle Deprivation,Deutschland,Weiblich,7.2
2020,Prozent,Materielle Deprivation,Deutschland,Weiblich,13.6
2010,Prozent,Materielle Deprivation,Deutschland,Männlich,10.6
2011,Prozent,Materielle Deprivation,Deutschland,Männlich,11.5
2012,Prozent,Materielle Deprivation,Deutschland,Männlich,10.5
2013,Prozent,Materielle Deprivation,Deutschland,Männlich,10.7
2014,Prozent,Materielle Deprivation,Deutschland,Männlich,10.4
2015,Prozent,Materielle Deprivation,Deutschland,Männlich,10.1
2016,Prozent,Materielle Deprivation,Deutschland,Männlich,8.9
2017,Prozent,Materielle Deprivation,Deutschland,Männlich,8.3
2018,Prozent,Materielle Deprivation,Deutschland,Männlich,7.5
2019,Prozent,Materielle Deprivation,Deutschland,Männlich,6.5
2020,Prozent,Materielle Deprivation,Deutschland,Männlich,13.3
2010,Prozent,Erhebliche materielle Deprivation,Europäische Union,,8.4
2011,Prozent,Erhebliche materielle Deprivation,Europäische Union,,8.8
2012,Prozent,Erhebliche materielle Deprivation,Europäische Union,,9.9
2013,Prozent,Erhebliche materielle Deprivation,Europäische Union,,9.6
2014,Prozent,Erhebliche materielle Deprivation,Europäische Union,,8.9
2015,Prozent,Erhebliche materielle Deprivation,Europäische Union,,8.1
2016,Prozent,Erhebliche materielle Deprivation,Europäische Union,,7.5
2017,Prozent,Erhebliche materielle Deprivation,Europäische Union,,6.6
2018,Prozent,Erhebliche materielle Deprivation,Europäische Union,,5.9
2019,Prozent,Erhebliche materielle Deprivation,Europäische Union,,5.3
2020,Prozent,Erhebliche materielle Deprivation,Europäische Union,,5.9
2010,Prozent,Erhebliche materielle Deprivation,Europäische Union,Weiblich,
2011,Prozent,Erhebliche materielle Deprivation,Europäische Union,Weiblich,9.1
2012,Prozent,Erhebliche materielle Deprivation,Europäische Union,Weiblich,10.2
2013,Prozent,Erhebliche materielle Deprivation,Europäische Union,Weiblich,9.8
2014,Prozent,Erhebliche materielle Deprivation,Europäische Union,Weiblich,9.0
2015,Prozent,Erhebliche materielle Deprivation,Europäische Union,Weiblich,8.2
2016,Prozent,Erhebliche materielle Deprivation,Europäische Union,Weiblich,7.7
2017,Prozent,Erhebliche materielle Deprivation,Europäische Union,Weiblich,6.8
2018,Prozent,Erhebliche materielle Deprivation,Europäische Union,Weiblich,6.1
2019,Prozent,Erhebliche materielle Deprivation,Europäische Union,Weiblich,5.6
2020,Prozent,Erhebliche materielle Deprivation,Europäische Union,Weiblich,6.0
2010,Prozent,Erhebliche materielle Deprivation,Europäische Union,Männlich,
2011,Prozent,Erhebliche materielle Deprivation,Europäische Union,Männlich,8.6
2012,Prozent,Erhebliche materielle Deprivation,Europäische Union,Männlich,9.7
2013,Prozent,Erhebliche materielle Deprivation,Europäische Union,Männlich,9.4
2014,Prozent,Erhebliche materielle Deprivation,Europäische Union,Männlich,8.8
2015,Prozent,Erhebliche materielle Deprivation,Europäische Union,Männlich,8.0
2016,Prozent,Erhebliche materielle Deprivation,Europäische Union,Männlich,7.3
2017,Prozent,Erhebliche materielle Deprivation,Europäische Union,Männlich,6.4
2018,Prozent,Erhebliche materielle Deprivation,Europäische Union,Männlich,5.7
2019,Prozent,Erhebliche materielle Deprivation,Europäische Union,Männlich,5.1
2020,Prozent,Erhebliche materielle Deprivation,Europäische Union,Männlich,5.8
2010,Prozent,Erhebliche materielle Deprivation,Deutschland,,4.5
2011,Prozent,Erhebliche materielle Deprivation,Deutschland,,5.3
2012,Prozent,Erhebliche materielle Deprivation,Deutschland,,4.9
2013,Prozent,Erhebliche materielle Deprivation,Deutschland,,5.4
2014,Prozent,Erhebliche materielle Deprivation,Deutschland,,5.0
2015,Prozent,Erhebliche materielle Deprivation,Deutschland,,4.4
2016,Prozent,Erhebliche materielle Deprivation,Deutschland,,3.7
2017,Prozent,Erhebliche materielle Deprivation,Deutschland,,3.4
2018,Prozent,Erhebliche materielle Deprivation,Deutschland,,3.1
2019,Prozent,Erhebliche materielle Deprivation,Deutschland,,2.6
2020,Prozent,Erhebliche materielle Deprivation,Deutschland,,5.6
2010,Prozent,Erhebliche materielle Deprivation,Deutschland,Weiblich,
2011,Prozent,Erhebliche materielle Deprivation,Deutschland,Weiblich,5.7
2012,Prozent,Erhebliche materielle Deprivation,Deutschland,Weiblich,5.2
2013,Prozent,Erhebliche materielle Deprivation,Deutschland,Weiblich,5.6
2014,Prozent,Erhebliche materielle Deprivation,Deutschland,Weiblich,5.1
2015,Prozent,Erhebliche materielle Deprivation,Deutschland,Weiblich,4.6
2016,Prozent,Erhebliche materielle Deprivation,Deutschland,Weiblich,4.0
2017,Prozent,Erhebliche materielle Deprivation,Deutschland,Weiblich,3.9
2018,Prozent,Erhebliche materielle Deprivation,Deutschland,Weiblich,3.2
2019,Prozent,Erhebliche materielle Deprivation,Deutschland,Weiblich,2.8
2020,Prozent,Erhebliche materielle Deprivation,Deutschland,Weiblich,5.4
2010,Prozent,Erhebliche materielle Deprivation,Deutschland,Männlich,
2011,Prozent,Erhebliche materielle Deprivation,Deutschland,Männlich,5.0
2012,Prozent,Erhebliche materielle Deprivation,Deutschland,Männlich,4.5
2013,Prozent,Erhebliche materielle Deprivation,Deutschland,Männlich,5.2
2014,Prozent,Erhebliche materielle Deprivation,Deutschland,Männlich,4.8
2015,Prozent,Erhebliche materielle Deprivation,Deutschland,Männlich,4.2
2016,Prozent,Erhebliche materielle Deprivation,Deutschland,Männlich,3.4
2017,Prozent,Erhebliche materielle Deprivation,Deutschland,Männlich,2.9
2018,Prozent,Erhebliche materielle Deprivation,Deutschland,Männlich,3.0
2019,Prozent,Erhebliche materielle Deprivation,Deutschland,Männlich,2.4
2020,Prozent,Erhebliche materielle Deprivation,Deutschland,Männlich,5.8
