Year,Units,Teilindizes,Value
1990,2030 = 100,,136.263
1991,2030 = 100,,127.755
1992,2030 = 100,,119.916
1993,2030 = 100,,126.218
1994,2030 = 100,,126.751
1995,2030 = 100,,113.45
1996,2030 = 100,,119.46
1997,2030 = 100,,108.517
1998,2030 = 100,,102.154
1999,2030 = 100,,108.982
2000,2030 = 100,,101.831
2001,2030 = 100,,99.816
2002,2030 = 100,,93.221
2003,2030 = 100,,89.021
2004,2030 = 100,,92.82
2005,2030 = 100,,91.002
2006,2030 = 100,,86.532
2007,2030 = 100,,87.294
2008,2030 = 100,,88.442
2009,2030 = 100,,82.514
2010,2030 = 100,,79.533
2011,2030 = 100,,77.341
2012,2030 = 100,,80.342
2013,2030 = 100,,76.917
2014,2030 = 100,,75.893
2015,2030 = 100,,79.976
2016,2030 = 100,,79.954
2017,2030 = 100,,75.555
2018,2030 = 100,,73.664
2019,2030 = 100,,75.343
2030,2030 = 100,,
1990,2030 = 100,Teilindex Wälder,93.091
1991,2030 = 100,Teilindex Wälder,85.588
1992,2030 = 100,Teilindex Wälder,82.071
1993,2030 = 100,Teilindex Wälder,82.621
1994,2030 = 100,Teilindex Wälder,83.248
1995,2030 = 100,Teilindex Wälder,73.519
1996,2030 = 100,Teilindex Wälder,80.348
1997,2030 = 100,Teilindex Wälder,80.014
1998,2030 = 100,Teilindex Wälder,72.826
1999,2030 = 100,Teilindex Wälder,77.245
2000,2030 = 100,Teilindex Wälder,74.171
2001,2030 = 100,Teilindex Wälder,74.499
2002,2030 = 100,Teilindex Wälder,71.959
2003,2030 = 100,Teilindex Wälder,72.261
2004,2030 = 100,Teilindex Wälder,73.984
2005,2030 = 100,Teilindex Wälder,74.393
2006,2030 = 100,Teilindex Wälder,75.605
2007,2030 = 100,Teilindex Wälder,71.83
2008,2030 = 100,Teilindex Wälder,78.006
2009,2030 = 100,Teilindex Wälder,70.084
2010,2030 = 100,Teilindex Wälder,79.533
2011,2030 = 100,Teilindex Wälder,77.341
2012,2030 = 100,Teilindex Wälder,80.342
2013,2030 = 100,Teilindex Wälder,76.917
2014,2030 = 100,Teilindex Wälder,75.893
2015,2030 = 100,Teilindex Wälder,79.976
2016,2030 = 100,Teilindex Wälder,79.954
2017,2030 = 100,Teilindex Wälder,75.555
2018,2030 = 100,Teilindex Wälder,73.664
2019,2030 = 100,Teilindex Wälder,75.343
1990,2030 = 100,Teilindex Siedlungen,93.241
1991,2030 = 100,Teilindex Siedlungen,87.239
1992,2030 = 100,Teilindex Siedlungen,83.472
1993,2030 = 100,Teilindex Siedlungen,91.762
1994,2030 = 100,Teilindex Siedlungen,87.149
1995,2030 = 100,Teilindex Siedlungen,92.875
1996,2030 = 100,Teilindex Siedlungen,104.822
1997,2030 = 100,Teilindex Siedlungen,96.197
1998,2030 = 100,Teilindex Siedlungen,93.287
1999,2030 = 100,Teilindex Siedlungen,90.942
2000,2030 = 100,Teilindex Siedlungen,85.785
2001,2030 = 100,Teilindex Siedlungen,83.764
2002,2030 = 100,Teilindex Siedlungen,76.126
2003,2030 = 100,Teilindex Siedlungen,72.063
2004,2030 = 100,Teilindex Siedlungen,80.454
2005,2030 = 100,Teilindex Siedlungen,76.663
2006,2030 = 100,Teilindex Siedlungen,74.543
2007,2030 = 100,Teilindex Siedlungen,76.435
2008,2030 = 100,Teilindex Siedlungen,69.799
2009,2030 = 100,Teilindex Siedlungen,71.961
2010,2030 = 100,Teilindex Siedlungen,73.897
2011,2030 = 100,Teilindex Siedlungen,80.694
2012,2030 = 100,Teilindex Siedlungen,78.344
2013,2030 = 100,Teilindex Siedlungen,75.87
2014,2030 = 100,Teilindex Siedlungen,77.492
2015,2030 = 100,Teilindex Siedlungen,78.863
2016,2030 = 100,Teilindex Siedlungen,81.23
2017,2030 = 100,Teilindex Siedlungen,81.395
2018,2030 = 100,Teilindex Siedlungen,78.902
2019,2030 = 100,Teilindex Siedlungen,80.262
1990,2030 = 100,Teilindex Agrarland,183.023
1991,2030 = 100,Teilindex Agrarland,174.228
1992,2030 = 100,Teilindex Agrarland,161.626
1993,2030 = 100,Teilindex Agrarland,171.814
1994,2030 = 100,Teilindex Agrarland,172.437
1995,2030 = 100,Teilindex Agrarland,149.018
1996,2030 = 100,Teilindex Agrarland,155.384
1997,2030 = 100,Teilindex Agrarland,136.613
1998,2030 = 100,Teilindex Agrarland,128.139
1999,2030 = 100,Teilindex Agrarland,138.234
2000,2030 = 100,Teilindex Agrarland,127.657
2001,2030 = 100,Teilindex Agrarland,121.82
2002,2030 = 100,Teilindex Agrarland,112.012
2003,2030 = 100,Teilindex Agrarland,104.203
2004,2030 = 100,Teilindex Agrarland,108.229
2005,2030 = 100,Teilindex Agrarland,106.132
2006,2030 = 100,Teilindex Agrarland,97.626
2007,2030 = 100,Teilindex Agrarland,98.24
2008,2030 = 100,Teilindex Agrarland,98.093
2009,2030 = 100,Teilindex Agrarland,92.29
2010,2030 = 100,Teilindex Agrarland,82.998
2011,2030 = 100,Teilindex Agrarland,76.914
2012,2030 = 100,Teilindex Agrarland,78.849
2013,2030 = 100,Teilindex Agrarland,73.706
2014,2030 = 100,Teilindex Agrarland,73.317
2015,2030 = 100,Teilindex Agrarland,77.665
2016,2030 = 100,Teilindex Agrarland,77.989
2017,2030 = 100,Teilindex Agrarland,70.006
2018,2030 = 100,Teilindex Agrarland,68.249
2019,2030 = 100,Teilindex Agrarland,69.854
1990,2030 = 100,Teilindex Binnengewässer,85.274
1991,2030 = 100,Teilindex Binnengewässer,71.432
1992,2030 = 100,Teilindex Binnengewässer,69.485
1993,2030 = 100,Teilindex Binnengewässer,70.155
1994,2030 = 100,Teilindex Binnengewässer,77.507
1995,2030 = 100,Teilindex Binnengewässer,79.066
1996,2030 = 100,Teilindex Binnengewässer,71.816
1997,2030 = 100,Teilindex Binnengewässer,65.963
1998,2030 = 100,Teilindex Binnengewässer,68.413
1999,2030 = 100,Teilindex Binnengewässer,78.883
2000,2030 = 100,Teilindex Binnengewässer,74.293
2001,2030 = 100,Teilindex Binnengewässer,85.388
2002,2030 = 100,Teilindex Binnengewässer,84.779
2003,2030 = 100,Teilindex Binnengewässer,85.529
2004,2030 = 100,Teilindex Binnengewässer,87.869
2005,2030 = 100,Teilindex Binnengewässer,83.447
2006,2030 = 100,Teilindex Binnengewässer,79.224
2007,2030 = 100,Teilindex Binnengewässer,93.401
2008,2030 = 100,Teilindex Binnengewässer,97.148
2009,2030 = 100,Teilindex Binnengewässer,84.889
2010,2030 = 100,Teilindex Binnengewässer,79.533
2011,2030 = 100,Teilindex Binnengewässer,77.341
2012,2030 = 100,Teilindex Binnengewässer,80.342
2013,2030 = 100,Teilindex Binnengewässer,76.917
2014,2030 = 100,Teilindex Binnengewässer,75.893
2015,2030 = 100,Teilindex Binnengewässer,79.976
2016,2030 = 100,Teilindex Binnengewässer,79.954
2017,2030 = 100,Teilindex Binnengewässer,75.555
2018,2030 = 100,Teilindex Binnengewässer,73.664
2019,2030 = 100,Teilindex Binnengewässer,75.343
1990,2030 = 100,Teilindex Küsten/Meere,85.916
1991,2030 = 100,Teilindex Küsten/Meere,90.028
1992,2030 = 100,Teilindex Küsten/Meere,111.2
1993,2030 = 100,Teilindex Küsten/Meere,99.726
1994,2030 = 100,Teilindex Küsten/Meere,113.608
1995,2030 = 100,Teilindex Küsten/Meere,116.409
1996,2030 = 100,Teilindex Küsten/Meere,100.1
1997,2030 = 100,Teilindex Küsten/Meere,105.099
1998,2030 = 100,Teilindex Küsten/Meere,109.743
1999,2030 = 100,Teilindex Küsten/Meere,109.177
2000,2030 = 100,Teilindex Küsten/Meere,111.739
2001,2030 = 100,Teilindex Küsten/Meere,115.139
2002,2030 = 100,Teilindex Küsten/Meere,107.665
2003,2030 = 100,Teilindex Küsten/Meere,107.229
2004,2030 = 100,Teilindex Küsten/Meere,96.337
2005,2030 = 100,Teilindex Küsten/Meere,94.49
2006,2030 = 100,Teilindex Küsten/Meere,94.579
2007,2030 = 100,Teilindex Küsten/Meere,95.955
2008,2030 = 100,Teilindex Küsten/Meere,91.275
2009,2030 = 100,Teilindex Küsten/Meere,82.846
2010,2030 = 100,Teilindex Küsten/Meere,82.839
2011,2030 = 100,Teilindex Küsten/Meere,85.591
2012,2030 = 100,Teilindex Küsten/Meere,83.182
2013,2030 = 100,Teilindex Küsten/Meere,81.026
2014,2030 = 100,Teilindex Küsten/Meere,83.91
2015,2030 = 100,Teilindex Küsten/Meere,81.405
2016,2030 = 100,Teilindex Küsten/Meere,87.558
2017,2030 = 100,Teilindex Küsten/Meere,81.979
2018,2030 = 100,Teilindex Küsten/Meere,77.614
2019,2030 = 100,Teilindex Küsten/Meere,
