Year,Units,Zeitreihe,Geschlecht,Bundesland,GeoCode,Value
1999,Prozent,,,,,33.05
2010,Prozent,,,,,41.3
2011,Prozent,,,,,42.2
2012,Prozent,,,,,43.4
2013,Prozent,,,,,44.5
2014,Prozent,,,,,45.7
2015,Prozent,,,,,46.8
2016,Prozent,,,,,47.9
2017,Prozent,,,,,48.8
2018,Prozent,,,,,49.4
2019,Prozent,,,,,50.1
2020,Prozent,,,,,52.3
2021,Prozent,,,,,53.1
2022,Prozent,,,,,53.7
2000,Prozent,,,,,32.997
2001,Prozent,,,,,33.171
2002,Prozent,,,,,33.277
2003,Prozent,,,,,33.892
2004,Prozent,,,,,36.22
2005,Prozent,,,,,36.0
2006,Prozent,,,,,36.5
2007,Prozent,,,,,37.6
2008,Prozent,,,,,38.8
2009,Prozent,,,,,40.7
2030,Prozent,,,,,
1999,Prozent,,Weiblich,,,30.931
2010,Prozent,,Weiblich,,,42.7
2011,Prozent,,Weiblich,,,44.4
2012,Prozent,,Weiblich,,,46.0
2013,Prozent,,Weiblich,,,46.8
2014,Prozent,,Weiblich,,,48.4
2015,Prozent,,Weiblich,,,50.5
2016,Prozent,,Weiblich,,,51.3
2017,Prozent,,Weiblich,,,52.6
2018,Prozent,,Weiblich,,,53.4
2019,Prozent,,Weiblich,,,54.0
2020,Prozent,,Weiblich,,,56.6
2021,Prozent,,Weiblich,,,56.9
2022,Prozent,,Weiblich,,,57.7
2000,Prozent,,Weiblich,,,30.88
2001,Prozent,,Weiblich,,,31.088
2002,Prozent,,Weiblich,,,31.25
2003,Prozent,,Weiblich,,,32.194
2004,Prozent,,Weiblich,,,34.652
2005,Prozent,,Weiblich,,,35.0
2006,Prozent,,Weiblich,,,36.5
2007,Prozent,,Weiblich,,,38.0
2008,Prozent,,Weiblich,,,39.7
2009,Prozent,,Weiblich,,,42.2
1999,Prozent,,Männlich,,,35.144
2010,Prozent,,Männlich,,,40.0
2011,Prozent,,Männlich,,,40.1
2012,Prozent,,Männlich,,,40.9
2013,Prozent,,Männlich,,,42.2
2014,Prozent,,Männlich,,,42.9
2015,Prozent,,Männlich,,,43.1
2016,Prozent,,Männlich,,,44.6
2017,Prozent,,Männlich,,,45.2
2018,Prozent,,Männlich,,,45.7
2019,Prozent,,Männlich,,,46.4
2020,Prozent,,Männlich,,,48.3
2021,Prozent,,Männlich,,,49.5
2022,Prozent,,Männlich,,,50.0
2000,Prozent,,Männlich,,,35.045
2001,Prozent,,Männlich,,,35.199
2002,Prozent,,Männlich,,,35.223
2003,Prozent,,Männlich,,,35.493
2004,Prozent,,Männlich,,,37.722
2005,Prozent,,Männlich,,,37.0
2006,Prozent,,Männlich,,,36.5
2007,Prozent,,Männlich,,,37.3
2008,Prozent,,Männlich,,,37.9
2009,Prozent,,Männlich,,,39.2
2010,Prozent,,,Baden-Württemberg,code08,42.28
2011,Prozent,,,Baden-Württemberg,code08,43.36
2012,Prozent,,,Baden-Württemberg,code08,44.92
2013,Prozent,,,Baden-Württemberg,code08,47.29
2014,Prozent,,,Baden-Württemberg,code08,47.35
2015,Prozent,,,Baden-Württemberg,code08,48.37
2016,Prozent,,,Baden-Württemberg,code08,50.18
2017,Prozent,,,Baden-Württemberg,code08,50.69
2018,Prozent,,,Baden-Württemberg,code08,51.4
2019,Prozent,,,Baden-Württemberg,code08,53.92
2020,Prozent,,,Baden-Württemberg,code08,54.11
2021,Prozent,,,Baden-Württemberg,code08,54.502
2005,Prozent,,,Baden-Württemberg,code08,36.88
2006,Prozent,,,Baden-Württemberg,code08,36.9
2007,Prozent,,,Baden-Württemberg,code08,37.6
2008,Prozent,,,Baden-Württemberg,code08,37.8
2009,Prozent,,,Baden-Württemberg,code08,41.9
2010,Prozent,,Weiblich,Baden-Württemberg,code08,40.7
2011,Prozent,,Weiblich,Baden-Württemberg,code08,41.9
2012,Prozent,,Weiblich,Baden-Württemberg,code08,44.4
2013,Prozent,,Weiblich,Baden-Württemberg,code08,46.1
2014,Prozent,,Weiblich,Baden-Württemberg,code08,48.1
2015,Prozent,,Weiblich,Baden-Württemberg,code08,49.6
2016,Prozent,,Weiblich,Baden-Württemberg,code08,50.9
2017,Prozent,,Weiblich,Baden-Württemberg,code08,51.5
2018,Prozent,,Weiblich,Baden-Württemberg,code08,52.28
2019,Prozent,,Weiblich,Baden-Württemberg,code08,56.61
2020,Prozent,,Weiblich,Baden-Württemberg,code08,56.92
2021,Prozent,,Weiblich,Baden-Württemberg,code08,57.686
2005,Prozent,,Weiblich,Baden-Württemberg,code08,33.1
2006,Prozent,,Weiblich,Baden-Württemberg,code08,34.2
2007,Prozent,,Weiblich,Baden-Württemberg,code08,35.7
2008,Prozent,,Weiblich,Baden-Württemberg,code08,36.0
2009,Prozent,,Weiblich,Baden-Württemberg,code08,41.0
2010,Prozent,,Männlich,Baden-Württemberg,code08,43.9
2011,Prozent,,Männlich,Baden-Württemberg,code08,44.9
2012,Prozent,,Männlich,Baden-Württemberg,code08,45.4
2013,Prozent,,Männlich,Baden-Württemberg,code08,48.4
2014,Prozent,,Männlich,Baden-Württemberg,code08,46.6
2015,Prozent,,Männlich,Baden-Württemberg,code08,47.2
2016,Prozent,,Männlich,Baden-Württemberg,code08,49.5
2017,Prozent,,Männlich,Baden-Württemberg,code08,49.9
2018,Prozent,,Männlich,Baden-Württemberg,code08,50.58
2019,Prozent,,Männlich,Baden-Württemberg,code08,51.45
2020,Prozent,,Männlich,Baden-Württemberg,code08,51.57
2021,Prozent,,Männlich,Baden-Württemberg,code08,51.626
2005,Prozent,,Männlich,Baden-Württemberg,code08,40.5
2006,Prozent,,Männlich,Baden-Württemberg,code08,39.4
2007,Prozent,,Männlich,Baden-Württemberg,code08,39.5
2008,Prozent,,Männlich,Baden-Württemberg,code08,39.7
2009,Prozent,,Männlich,Baden-Württemberg,code08,42.8
2010,Prozent,,,Bayern,code09,40.39
2011,Prozent,,,Bayern,code09,41.1
2012,Prozent,,,Bayern,code09,43.58
2013,Prozent,,,Bayern,code09,45.31
2014,Prozent,,,Bayern,code09,45.82
2015,Prozent,,,Bayern,code09,45.68
2016,Prozent,,,Bayern,code09,48.01
2017,Prozent,,,Bayern,code09,48.76
2018,Prozent,,,Bayern,code09,50.03
2019,Prozent,,,Bayern,code09,49.55
2020,Prozent,,,Bayern,code09,51.07
2021,Prozent,,,Bayern,code09,53.298
2005,Prozent,,,Bayern,code09,35.15
2006,Prozent,,,Bayern,code09,34.7
2007,Prozent,,,Bayern,code09,35.8
2008,Prozent,,,Bayern,code09,37.5
2009,Prozent,,,Bayern,code09,39.4
2010,Prozent,,Weiblich,Bayern,code09,40.2
2011,Prozent,,Weiblich,Bayern,code09,41.6
2012,Prozent,,Weiblich,Bayern,code09,44.8
2013,Prozent,,Weiblich,Bayern,code09,45.3
2014,Prozent,,Weiblich,Bayern,code09,46.1
2015,Prozent,,Weiblich,Bayern,code09,47.4
2016,Prozent,,Weiblich,Bayern,code09,49.5
2017,Prozent,,Weiblich,Bayern,code09,50.8
2018,Prozent,,Weiblich,Bayern,code09,52.18
2019,Prozent,,Weiblich,Bayern,code09,50.82
2020,Prozent,,Weiblich,Bayern,code09,52.57
2021,Prozent,,Weiblich,Bayern,code09,55.495
2005,Prozent,,Weiblich,Bayern,code09,32.9
2006,Prozent,,Weiblich,Bayern,code09,33.1
2007,Prozent,,Weiblich,Bayern,code09,34.8
2008,Prozent,,Weiblich,Bayern,code09,36.8
2009,Prozent,,Weiblich,Bayern,code09,38.5
2010,Prozent,,Männlich,Bayern,code09,40.6
2011,Prozent,,Männlich,Bayern,code09,40.7
2012,Prozent,,Männlich,Bayern,code09,42.4
2013,Prozent,,Männlich,Bayern,code09,45.3
2014,Prozent,,Männlich,Bayern,code09,45.5
2015,Prozent,,Männlich,Bayern,code09,43.9
2016,Prozent,,Männlich,Bayern,code09,46.6
2017,Prozent,,Männlich,Bayern,code09,46.9
2018,Prozent,,Männlich,Bayern,code09,48.05
2019,Prozent,,Männlich,Bayern,code09,48.34
2020,Prozent,,Männlich,Bayern,code09,49.67
2021,Prozent,,Männlich,Bayern,code09,51.287
2005,Prozent,,Männlich,Bayern,code09,37.4
2006,Prozent,,Männlich,Bayern,code09,36.2
2007,Prozent,,Männlich,Bayern,code09,36.9
2008,Prozent,,Männlich,Bayern,code09,38.3
2009,Prozent,,Männlich,Bayern,code09,40.3
2010,Prozent,,,Berlin,code11,50.74
2011,Prozent,,,Berlin,code11,51.84
2012,Prozent,,,Berlin,code11,53.7
2013,Prozent,,,Berlin,code11,53.23
2014,Prozent,,,Berlin,code11,53.96
2015,Prozent,,,Berlin,code11,56.68
2016,Prozent,,,Berlin,code11,59.72
2017,Prozent,,,Berlin,code11,60.9
2018,Prozent,,,Berlin,code11,62.66
2019,Prozent,,,Berlin,code11,64.8
2020,Prozent,,,Berlin,code11,65.59
2021,Prozent,,,Berlin,code11,68.579
2005,Prozent,,,Berlin,code11,46.17
2006,Prozent,,,Berlin,code11,46.6
2007,Prozent,,,Berlin,code11,49.2
2008,Prozent,,,Berlin,code11,47.1
2009,Prozent,,,Berlin,code11,50.4
2010,Prozent,,Weiblich,Berlin,code11,56.0
2011,Prozent,,Weiblich,Berlin,code11,59.3
2012,Prozent,,Weiblich,Berlin,code11,60.2
2013,Prozent,,Weiblich,Berlin,code11,59.1
2014,Prozent,,Weiblich,Berlin,code11,59.8
2015,Prozent,,Weiblich,Berlin,code11,63.7
2016,Prozent,,Weiblich,Berlin,code11,63.6
2017,Prozent,,Weiblich,Berlin,code11,66.1
2018,Prozent,,Weiblich,Berlin,code11,66.99
2019,Prozent,,Weiblich,Berlin,code11,69.18
2020,Prozent,,Weiblich,Berlin,code11,69.73
2021,Prozent,,Weiblich,Berlin,code11,71.923
2005,Prozent,,Weiblich,Berlin,code11,47.1
2006,Prozent,,Weiblich,Berlin,code11,50.1
2007,Prozent,,Weiblich,Berlin,code11,53.0
2008,Prozent,,Weiblich,Berlin,code11,49.9
2009,Prozent,,Weiblich,Berlin,code11,56.2
2010,Prozent,,Männlich,Berlin,code11,45.8
2011,Prozent,,Männlich,Berlin,code11,44.7
2012,Prozent,,Männlich,Berlin,code11,47.5
2013,Prozent,,Männlich,Berlin,code11,47.6
2014,Prozent,,Männlich,Berlin,code11,48.4
2015,Prozent,,Männlich,Berlin,code11,49.7
2016,Prozent,,Männlich,Berlin,code11,55.7
2017,Prozent,,Männlich,Berlin,code11,55.7
2018,Prozent,,Männlich,Berlin,code11,58.27
2019,Prozent,,Männlich,Berlin,code11,60.32
2020,Prozent,,Männlich,Berlin,code11,61.81
2021,Prozent,,Männlich,Berlin,code11,65.212
2005,Prozent,,Männlich,Berlin,code11,45.3
2006,Prozent,,Männlich,Berlin,code11,43.2
2007,Prozent,,Männlich,Berlin,code11,45.5
2008,Prozent,,Männlich,Berlin,code11,44.5
2009,Prozent,,Männlich,Berlin,code11,44.4
2010,Prozent,,,Brandenburg,code12,41.4
2011,Prozent,,,Brandenburg,code12,44.47
2012,Prozent,,,Brandenburg,code12,42.08
2013,Prozent,,,Brandenburg,code12,42.57
2014,Prozent,,,Brandenburg,code12,44.17
2015,Prozent,,,Brandenburg,code12,43.26
2016,Prozent,,,Brandenburg,code12,45.41
2017,Prozent,,,Brandenburg,code12,42.42
2018,Prozent,,,Brandenburg,code12,45.28
2019,Prozent,,,Brandenburg,code12,44.44
2020,Prozent,,,Brandenburg,code12,50.15
2021,Prozent,,,Brandenburg,code12,54.907
2005,Prozent,,,Brandenburg,code12,32.11
2006,Prozent,,,Brandenburg,code12,33.2
2007,Prozent,,,Brandenburg,code12,34.7
2008,Prozent,,,Brandenburg,code12,38.6
2009,Prozent,,,Brandenburg,code12,41.1
2010,Prozent,,Weiblich,Brandenburg,code12,50.2
2011,Prozent,,Weiblich,Brandenburg,code12,53.6
2012,Prozent,,Weiblich,Brandenburg,code12,51.6
2013,Prozent,,Weiblich,Brandenburg,code12,49.0
2014,Prozent,,Weiblich,Brandenburg,code12,50.5
2015,Prozent,,Weiblich,Brandenburg,code12,53.2
2016,Prozent,,Weiblich,Brandenburg,code12,54.2
2017,Prozent,,Weiblich,Brandenburg,code12,48.4
2018,Prozent,,Weiblich,Brandenburg,code12,53.54
2019,Prozent,,Weiblich,Brandenburg,code12,52.09
2020,Prozent,,Weiblich,Brandenburg,code12,57.13
2021,Prozent,,Weiblich,Brandenburg,code12,60.912
2005,Prozent,,Weiblich,Brandenburg,code12,36.9
2006,Prozent,,Weiblich,Brandenburg,code12,39.5
2007,Prozent,,Weiblich,Brandenburg,code12,42.2
2008,Prozent,,Weiblich,Brandenburg,code12,47.1
2009,Prozent,,Weiblich,Brandenburg,code12,47.8
2010,Prozent,,Männlich,Brandenburg,code12,33.4
2011,Prozent,,Männlich,Brandenburg,code12,35.8
2012,Prozent,,Männlich,Brandenburg,code12,33.9
2013,Prozent,,Männlich,Brandenburg,code12,36.5
2014,Prozent,,Männlich,Brandenburg,code12,37.6
2015,Prozent,,Männlich,Brandenburg,code12,34.1
2016,Prozent,,Männlich,Brandenburg,code12,36.9
2017,Prozent,,Männlich,Brandenburg,code12,36.8
2018,Prozent,,Männlich,Brandenburg,code12,36.84
2019,Prozent,,Männlich,Brandenburg,code12,36.72
2020,Prozent,,Männlich,Brandenburg,code12,43.02
2021,Prozent,,Männlich,Brandenburg,code12,48.731
2005,Prozent,,Männlich,Brandenburg,code12,27.5
2006,Prozent,,Männlich,Brandenburg,code12,27.5
2007,Prozent,,Männlich,Brandenburg,code12,27.3
2008,Prozent,,Männlich,Brandenburg,code12,30.4
2009,Prozent,,Männlich,Brandenburg,code12,35.2
2010,Prozent,,,Bremen,code04,41.46
2011,Prozent,,,Bremen,code04,43.16
2012,Prozent,,,Bremen,code04,41.83
2013,Prozent,,,Bremen,code04,44.32
2014,Prozent,,,Bremen,code04,53.39
2015,Prozent,,,Bremen,code04,50.5
2016,Prozent,,,Bremen,code04,46.57
2017,Prozent,,,Bremen,code04,52.05
2018,Prozent,,,Bremen,code04,52.3
2019,Prozent,,,Bremen,code04,49.13
2020,Prozent,,,Bremen,code04,49.88
2021,Prozent,,,Bremen,code04,53.977
2005,Prozent,,,Bremen,code04,33.79
2006,Prozent,,,Bremen,code04,36.8
2007,Prozent,,,Bremen,code04,38.2
2008,Prozent,,,Bremen,code04,39.4
2009,Prozent,,,Bremen,code04,32.7
2010,Prozent,,Weiblich,Bremen,code04,36.9
2011,Prozent,,Weiblich,Bremen,code04,47.8
2012,Prozent,,Weiblich,Bremen,code04,46.0
2013,Prozent,,Weiblich,Bremen,code04,48.2
2014,Prozent,,Weiblich,Bremen,code04,57.5
2015,Prozent,,Weiblich,Bremen,code04,54.6
2016,Prozent,,Weiblich,Bremen,code04,50.1
2017,Prozent,,Weiblich,Bremen,code04,57.0
2018,Prozent,,Weiblich,Bremen,code04,56.81
2019,Prozent,,Weiblich,Bremen,code04,56.67
2020,Prozent,,Weiblich,Bremen,code04,58.77
2021,Prozent,,Weiblich,Bremen,code04,60.863
2005,Prozent,,Weiblich,Bremen,code04,35.3
2006,Prozent,,Weiblich,Bremen,code04,40.1
2007,Prozent,,Weiblich,Bremen,code04,40.3
2008,Prozent,,Weiblich,Bremen,code04,40.8
2009,Prozent,,Weiblich,Bremen,code04,36.1
2010,Prozent,,Männlich,Bremen,code04,46.5
2011,Prozent,,Männlich,Bremen,code04,37.8
2012,Prozent,,Männlich,Bremen,code04,38.1
2013,Prozent,,Männlich,Bremen,code04,41.3
2014,Prozent,,Männlich,Bremen,code04,49.6
2015,Prozent,,Männlich,Bremen,code04,46.8
2016,Prozent,,Männlich,Bremen,code04,42.7
2017,Prozent,,Männlich,Bremen,code04,47.3
2018,Prozent,,Männlich,Bremen,code04,47.9
2019,Prozent,,Männlich,Bremen,code04,42.25
2020,Prozent,,Männlich,Bremen,code04,41.74
2021,Prozent,,Männlich,Bremen,code04,48.384
2005,Prozent,,Männlich,Bremen,code04,32.3
2006,Prozent,,Männlich,Bremen,code04,33.9
2007,Prozent,,Männlich,Bremen,code04,36.3
2008,Prozent,,Männlich,Bremen,code04,38.0
2009,Prozent,,Männlich,Bremen,code04,28.8
2010,Prozent,,,Hamburg,code02,52.5
2011,Prozent,,,Hamburg,code02,55.37
2012,Prozent,,,Hamburg,code02,54.42
2013,Prozent,,,Hamburg,code02,55.4
2014,Prozent,,,Hamburg,code02,58.52
2015,Prozent,,,Hamburg,code02,60.57
2016,Prozent,,,Hamburg,code02,59.97
2017,Prozent,,,Hamburg,code02,58.39
2018,Prozent,,,Hamburg,code02,62.48
2019,Prozent,,,Hamburg,code02,60.12
2020,Prozent,,,Hamburg,code02,60.17
2021,Prozent,,,Hamburg,code02,64.177
2005,Prozent,,,Hamburg,code02,45.72
2006,Prozent,,,Hamburg,code02,48.6
2007,Prozent,,,Hamburg,code02,49.4
2008,Prozent,,,Hamburg,code02,50.1
2009,Prozent,,,Hamburg,code02,53.1
2010,Prozent,,Weiblich,Hamburg,code02,53.8
2011,Prozent,,Weiblich,Hamburg,code02,57.1
2012,Prozent,,Weiblich,Hamburg,code02,57.6
2013,Prozent,,Weiblich,Hamburg,code02,60.1
2014,Prozent,,Weiblich,Hamburg,code02,61.4
2015,Prozent,,Weiblich,Hamburg,code02,62.5
2016,Prozent,,Weiblich,Hamburg,code02,62.1
2017,Prozent,,Weiblich,Hamburg,code02,63.0
2018,Prozent,,Weiblich,Hamburg,code02,64.88
2019,Prozent,,Weiblich,Hamburg,code02,61.18
2020,Prozent,,Weiblich,Hamburg,code02,63.23
2021,Prozent,,Weiblich,Hamburg,code02,68.395
2005,Prozent,,Weiblich,Hamburg,code02,47.5
2006,Prozent,,Weiblich,Hamburg,code02,49.0
2007,Prozent,,Weiblich,Hamburg,code02,53.8
2008,Prozent,,Weiblich,Hamburg,code02,53.0
2009,Prozent,,Weiblich,Hamburg,code02,54.0
2010,Prozent,,Männlich,Hamburg,code02,51.3
2011,Prozent,,Männlich,Hamburg,code02,53.6
2012,Prozent,,Männlich,Hamburg,code02,51.1
2013,Prozent,,Männlich,Hamburg,code02,50.7
2014,Prozent,,Männlich,Hamburg,code02,55.4
2015,Prozent,,Männlich,Hamburg,code02,58.5
2016,Prozent,,Männlich,Hamburg,code02,58.0
2017,Prozent,,Männlich,Hamburg,code02,53.7
2018,Prozent,,Männlich,Hamburg,code02,60.04
2019,Prozent,,Männlich,Hamburg,code02,59.1
2020,Prozent,,Männlich,Hamburg,code02,57.17
2021,Prozent,,Männlich,Hamburg,code02,59.989
2005,Prozent,,Männlich,Hamburg,code02,44.1
2006,Prozent,,Männlich,Hamburg,code02,48.3
2007,Prozent,,Männlich,Hamburg,code02,45.2
2008,Prozent,,Männlich,Hamburg,code02,47.1
2009,Prozent,,Männlich,Hamburg,code02,52.2
2010,Prozent,,,Hessen,code06,45.45
2011,Prozent,,,Hessen,code06,46.11
2012,Prozent,,,Hessen,code06,47.16
2013,Prozent,,,Hessen,code06,47.57
2014,Prozent,,,Hessen,code06,46.33
2015,Prozent,,,Hessen,code06,49.36
2016,Prozent,,,Hessen,code06,50.41
2017,Prozent,,,Hessen,code06,54.08
2018,Prozent,,,Hessen,code06,52.44
2019,Prozent,,,Hessen,code06,52.73
2020,Prozent,,,Hessen,code06,52.76
2021,Prozent,,,Hessen,code06,52.208
2005,Prozent,,,Hessen,code06,40.65
2006,Prozent,,,Hessen,code06,40.2
2007,Prozent,,,Hessen,code06,40.9
2008,Prozent,,,Hessen,code06,40.3
2009,Prozent,,,Hessen,code06,43.1
2010,Prozent,,Weiblich,Hessen,code06,46.3
2011,Prozent,,Weiblich,Hessen,code06,46.7
2012,Prozent,,Weiblich,Hessen,code06,48.0
2013,Prozent,,Weiblich,Hessen,code06,48.9
2014,Prozent,,Weiblich,Hessen,code06,47.9
2015,Prozent,,Weiblich,Hessen,code06,52.1
2016,Prozent,,Weiblich,Hessen,code06,53.0
2017,Prozent,,Weiblich,Hessen,code06,58.5
2018,Prozent,,Weiblich,Hessen,code06,57.0
2019,Prozent,,Weiblich,Hessen,code06,57.35
2020,Prozent,,Weiblich,Hessen,code06,54.52
2021,Prozent,,Weiblich,Hessen,code06,55.332
2005,Prozent,,Weiblich,Hessen,code06,38.7
2006,Prozent,,Weiblich,Hessen,code06,38.8
2007,Prozent,,Weiblich,Hessen,code06,39.8
2008,Prozent,,Weiblich,Hessen,code06,40.6
2009,Prozent,,Weiblich,Hessen,code06,44.1
2010,Prozent,,Männlich,Hessen,code06,44.6
2011,Prozent,,Männlich,Hessen,code06,45.5
2012,Prozent,,Männlich,Hessen,code06,46.3
2013,Prozent,,Männlich,Hessen,code06,46.1
2014,Prozent,,Männlich,Hessen,code06,44.8
2015,Prozent,,Männlich,Hessen,code06,46.6
2016,Prozent,,Männlich,Hessen,code06,47.8
2017,Prozent,,Männlich,Hessen,code06,49.6
2018,Prozent,,Männlich,Hessen,code06,48.01
2019,Prozent,,Männlich,Hessen,code06,48.34
2020,Prozent,,Männlich,Hessen,code06,51.06
2021,Prozent,,Männlich,Hessen,code06,49.289
2005,Prozent,,Männlich,Hessen,code06,42.6
2006,Prozent,,Männlich,Hessen,code06,41.6
2007,Prozent,,Männlich,Hessen,code06,41.9
2008,Prozent,,Männlich,Hessen,code06,39.9
2009,Prozent,,Männlich,Hessen,code06,42.0
2010,Prozent,,,Mecklenburg-Vorpommern,code13,33.17
2011,Prozent,,,Mecklenburg-Vorpommern,code13,32.11
2012,Prozent,,,Mecklenburg-Vorpommern,code13,30.77
2013,Prozent,,,Mecklenburg-Vorpommern,code13,33.24
2014,Prozent,,,Mecklenburg-Vorpommern,code13,35.45
2015,Prozent,,,Mecklenburg-Vorpommern,code13,34.82
2016,Prozent,,,Mecklenburg-Vorpommern,code13,32.65
2017,Prozent,,,Mecklenburg-Vorpommern,code13,32.71
2018,Prozent,,,Mecklenburg-Vorpommern,code13,37.94
2019,Prozent,,,Mecklenburg-Vorpommern,code13,38.66
2020,Prozent,,,Mecklenburg-Vorpommern,code13,39.38
2021,Prozent,,,Mecklenburg-Vorpommern,code13,42.064
2005,Prozent,,,Mecklenburg-Vorpommern,code13,26.35
2006,Prozent,,,Mecklenburg-Vorpommern,code13,31.1
2007,Prozent,,,Mecklenburg-Vorpommern,code13,30.5
2008,Prozent,,,Mecklenburg-Vorpommern,code13,32.3
2009,Prozent,,,Mecklenburg-Vorpommern,code13,32.3
2010,Prozent,,Weiblich,Mecklenburg-Vorpommern,code13,36.5
2011,Prozent,,Weiblich,Mecklenburg-Vorpommern,code13,35.3
2012,Prozent,,Weiblich,Mecklenburg-Vorpommern,code13,38.5
2013,Prozent,,Weiblich,Mecklenburg-Vorpommern,code13,42.1
2014,Prozent,,Weiblich,Mecklenburg-Vorpommern,code13,43.3
2015,Prozent,,Weiblich,Mecklenburg-Vorpommern,code13,44.1
2016,Prozent,,Weiblich,Mecklenburg-Vorpommern,code13,39.2
2017,Prozent,,Weiblich,Mecklenburg-Vorpommern,code13,39.7
2018,Prozent,,Weiblich,Mecklenburg-Vorpommern,code13,44.36
2019,Prozent,,Weiblich,Mecklenburg-Vorpommern,code13,41.24
2020,Prozent,,Weiblich,Mecklenburg-Vorpommern,code13,45.98
2021,Prozent,,Weiblich,Mecklenburg-Vorpommern,code13,46.593
2005,Prozent,,Weiblich,Mecklenburg-Vorpommern,code13,27.0
2006,Prozent,,Weiblich,Mecklenburg-Vorpommern,code13,37.3
2007,Prozent,,Weiblich,Mecklenburg-Vorpommern,code13,37.2
2008,Prozent,,Weiblich,Mecklenburg-Vorpommern,code13,39.4
2009,Prozent,,Weiblich,Mecklenburg-Vorpommern,code13,37.4
2010,Prozent,,Männlich,Mecklenburg-Vorpommern,code13,30.4
2011,Prozent,,Männlich,Mecklenburg-Vorpommern,code13,29.3
2012,Prozent,,Männlich,Mecklenburg-Vorpommern,code13,23.9
2013,Prozent,,Männlich,Mecklenburg-Vorpommern,code13,25.4
2014,Prozent,,Männlich,Mecklenburg-Vorpommern,code13,28.3
2015,Prozent,,Männlich,Mecklenburg-Vorpommern,code13,26.9
2016,Prozent,,Männlich,Mecklenburg-Vorpommern,code13,27.0
2017,Prozent,,Männlich,Mecklenburg-Vorpommern,code13,26.1
2018,Prozent,,Männlich,Mecklenburg-Vorpommern,code13,32.37
2019,Prozent,,Männlich,Mecklenburg-Vorpommern,code13,36.44
2020,Prozent,,Männlich,Mecklenburg-Vorpommern,code13,33.21
2021,Prozent,,Männlich,Mecklenburg-Vorpommern,code13,37.708
2005,Prozent,,Männlich,Mecklenburg-Vorpommern,code13,25.8
2006,Prozent,,Männlich,Mecklenburg-Vorpommern,code13,26.1
2007,Prozent,,Männlich,Mecklenburg-Vorpommern,code13,25.0
2008,Prozent,,Männlich,Mecklenburg-Vorpommern,code13,26.7
2009,Prozent,,Männlich,Mecklenburg-Vorpommern,code13,27.7
2010,Prozent,,,Niedersachsen,code03,36.19
2011,Prozent,,,Niedersachsen,code03,37.46
2012,Prozent,,,Niedersachsen,code03,38.13
2013,Prozent,,,Niedersachsen,code03,37.89
2014,Prozent,,,Niedersachsen,code03,40.07
2015,Prozent,,,Niedersachsen,code03,43.15
2016,Prozent,,,Niedersachsen,code03,41.38
2017,Prozent,,,Niedersachsen,code03,42.6
2018,Prozent,,,Niedersachsen,code03,44.02
2019,Prozent,,,Niedersachsen,code03,44.67
2020,Prozent,,,Niedersachsen,code03,47.84
2021,Prozent,,,Niedersachsen,code03,47.136
2005,Prozent,,,Niedersachsen,code03,32.06
2006,Prozent,,,Niedersachsen,code03,31.7
2007,Prozent,,,Niedersachsen,code03,33.0
2008,Prozent,,,Niedersachsen,code03,34.0
2009,Prozent,,,Niedersachsen,code03,35.6
2010,Prozent,,Weiblich,Niedersachsen,code03,37.5
2011,Prozent,,Weiblich,Niedersachsen,code03,39.6
2012,Prozent,,Weiblich,Niedersachsen,code03,40.5
2013,Prozent,,Weiblich,Niedersachsen,code03,38.8
2014,Prozent,,Weiblich,Niedersachsen,code03,42.3
2015,Prozent,,Weiblich,Niedersachsen,code03,46.3
2016,Prozent,,Weiblich,Niedersachsen,code03,44.5
2017,Prozent,,Weiblich,Niedersachsen,code03,45.9
2018,Prozent,,Weiblich,Niedersachsen,code03,48.51
2019,Prozent,,Weiblich,Niedersachsen,code03,49.04
2020,Prozent,,Weiblich,Niedersachsen,code03,52.94
2021,Prozent,,Weiblich,Niedersachsen,code03,51.408
2005,Prozent,,Weiblich,Niedersachsen,code03,29.5
2006,Prozent,,Weiblich,Niedersachsen,code03,29.9
2007,Prozent,,Weiblich,Niedersachsen,code03,30.9
2008,Prozent,,Weiblich,Niedersachsen,code03,33.1
2009,Prozent,,Weiblich,Niedersachsen,code03,36.2
2010,Prozent,,Männlich,Niedersachsen,code03,34.9
2011,Prozent,,Männlich,Niedersachsen,code03,35.4
2012,Prozent,,Männlich,Niedersachsen,code03,35.7
2013,Prozent,,Männlich,Niedersachsen,code03,37.0
2014,Prozent,,Männlich,Niedersachsen,code03,37.9
2015,Prozent,,Männlich,Niedersachsen,code03,40.1
2016,Prozent,,Männlich,Niedersachsen,code03,38.4
2017,Prozent,,Männlich,Niedersachsen,code03,39.5
2018,Prozent,,Männlich,Niedersachsen,code03,39.82
2019,Prozent,,Männlich,Niedersachsen,code03,40.67
2020,Prozent,,Männlich,Niedersachsen,code03,42.91
2021,Prozent,,Männlich,Niedersachsen,code03,43.103
2005,Prozent,,Männlich,Niedersachsen,code03,34.6
2006,Prozent,,Männlich,Niedersachsen,code03,33.5
2007,Prozent,,Männlich,Niedersachsen,code03,35.1
2008,Prozent,,Männlich,Niedersachsen,code03,34.9
2009,Prozent,,Männlich,Niedersachsen,code03,34.9
2010,Prozent,,,Nordrhein-Westfalen,code05,41.29
2011,Prozent,,,Nordrhein-Westfalen,code05,42.01
2012,Prozent,,,Nordrhein-Westfalen,code05,44.4
2013,Prozent,,,Nordrhein-Westfalen,code05,45.0
2014,Prozent,,,Nordrhein-Westfalen,code05,47.84
2015,Prozent,,,Nordrhein-Westfalen,code05,48.71
2016,Prozent,,,Nordrhein-Westfalen,code05,50.25
2017,Prozent,,,Nordrhein-Westfalen,code05,51.04
2018,Prozent,,,Nordrhein-Westfalen,code05,50.57
2019,Prozent,,,Nordrhein-Westfalen,code05,50.93
2020,Prozent,,,Nordrhein-Westfalen,code05,54.4
2021,Prozent,,,Nordrhein-Westfalen,code05,53.889
2005,Prozent,,,Nordrhein-Westfalen,code05,36.96
2006,Prozent,,,Nordrhein-Westfalen,code05,37.8
2007,Prozent,,,Nordrhein-Westfalen,code05,38.7
2008,Prozent,,,Nordrhein-Westfalen,code05,40.9
2009,Prozent,,,Nordrhein-Westfalen,code05,41.7
2010,Prozent,,Weiblich,Nordrhein-Westfalen,code05,42.1
2011,Prozent,,Weiblich,Nordrhein-Westfalen,code05,43.8
2012,Prozent,,Weiblich,Nordrhein-Westfalen,code05,46.8
2013,Prozent,,Weiblich,Nordrhein-Westfalen,code05,47.4
2014,Prozent,,Weiblich,Nordrhein-Westfalen,code05,50.8
2015,Prozent,,Weiblich,Nordrhein-Westfalen,code05,52.6
2016,Prozent,,Weiblich,Nordrhein-Westfalen,code05,54.2
2017,Prozent,,Weiblich,Nordrhein-Westfalen,code05,54.6
2018,Prozent,,Weiblich,Nordrhein-Westfalen,code05,55.14
2019,Prozent,,Weiblich,Nordrhein-Westfalen,code05,55.34
2020,Prozent,,Weiblich,Nordrhein-Westfalen,code05,60.29
2021,Prozent,,Weiblich,Nordrhein-Westfalen,code05,57.84
2005,Prozent,,Weiblich,Nordrhein-Westfalen,code05,36.4
2006,Prozent,,Weiblich,Nordrhein-Westfalen,code05,38.0
2007,Prozent,,Weiblich,Nordrhein-Westfalen,code05,38.4
2008,Prozent,,Weiblich,Nordrhein-Westfalen,code05,41.5
2009,Prozent,,Weiblich,Nordrhein-Westfalen,code05,42.6
2010,Prozent,,Männlich,Nordrhein-Westfalen,code05,40.5
2011,Prozent,,Männlich,Nordrhein-Westfalen,code05,40.3
2012,Prozent,,Männlich,Nordrhein-Westfalen,code05,42.0
2013,Prozent,,Männlich,Nordrhein-Westfalen,code05,42.6
2014,Prozent,,Männlich,Nordrhein-Westfalen,code05,44.8
2015,Prozent,,Männlich,Nordrhein-Westfalen,code05,44.8
2016,Prozent,,Männlich,Nordrhein-Westfalen,code05,46.3
2017,Prozent,,Männlich,Nordrhein-Westfalen,code05,47.6
2018,Prozent,,Männlich,Nordrhein-Westfalen,code05,46.1
2019,Prozent,,Männlich,Nordrhein-Westfalen,code05,46.71
2020,Prozent,,Männlich,Nordrhein-Westfalen,code05,48.73
2021,Prozent,,Männlich,Nordrhein-Westfalen,code05,50.102
2005,Prozent,,Männlich,Nordrhein-Westfalen,code05,37.5
2006,Prozent,,Männlich,Nordrhein-Westfalen,code05,37.7
2007,Prozent,,Männlich,Nordrhein-Westfalen,code05,39.0
2008,Prozent,,Männlich,Nordrhein-Westfalen,code05,40.3
2009,Prozent,,Männlich,Nordrhein-Westfalen,code05,40.8
2010,Prozent,,,Rheinland-Pfalz,code07,38.49
2011,Prozent,,,Rheinland-Pfalz,code07,39.96
2012,Prozent,,,Rheinland-Pfalz,code07,42.26
2013,Prozent,,,Rheinland-Pfalz,code07,41.9
2014,Prozent,,,Rheinland-Pfalz,code07,43.67
2015,Prozent,,,Rheinland-Pfalz,code07,42.58
2016,Prozent,,,Rheinland-Pfalz,code07,44.23
2017,Prozent,,,Rheinland-Pfalz,code07,44.14
2018,Prozent,,,Rheinland-Pfalz,code07,44.58
2019,Prozent,,,Rheinland-Pfalz,code07,48.18
2020,Prozent,,,Rheinland-Pfalz,code07,50.02
2021,Prozent,,,Rheinland-Pfalz,code07,50.311
2005,Prozent,,,Rheinland-Pfalz,code07,30.42
2006,Prozent,,,Rheinland-Pfalz,code07,31.9
2007,Prozent,,,Rheinland-Pfalz,code07,32.9
2008,Prozent,,,Rheinland-Pfalz,code07,35.3
2009,Prozent,,,Rheinland-Pfalz,code07,36.7
2010,Prozent,,Weiblich,Rheinland-Pfalz,code07,37.0
2011,Prozent,,Weiblich,Rheinland-Pfalz,code07,40.9
2012,Prozent,,Weiblich,Rheinland-Pfalz,code07,42.3
2013,Prozent,,Weiblich,Rheinland-Pfalz,code07,42.2
2014,Prozent,,Weiblich,Rheinland-Pfalz,code07,45.6
2015,Prozent,,Weiblich,Rheinland-Pfalz,code07,44.6
2016,Prozent,,Weiblich,Rheinland-Pfalz,code07,46.6
2017,Prozent,,Weiblich,Rheinland-Pfalz,code07,47.9
2018,Prozent,,Weiblich,Rheinland-Pfalz,code07,46.72
2019,Prozent,,Weiblich,Rheinland-Pfalz,code07,51.27
2020,Prozent,,Weiblich,Rheinland-Pfalz,code07,53.55
2021,Prozent,,Weiblich,Rheinland-Pfalz,code07,52.863
2005,Prozent,,Weiblich,Rheinland-Pfalz,code07,26.6
2006,Prozent,,Weiblich,Rheinland-Pfalz,code07,29.3
2007,Prozent,,Weiblich,Rheinland-Pfalz,code07,31.8
2008,Prozent,,Weiblich,Rheinland-Pfalz,code07,35.1
2009,Prozent,,Weiblich,Rheinland-Pfalz,code07,37.0
2010,Prozent,,Männlich,Rheinland-Pfalz,code07,40.1
2011,Prozent,,Männlich,Rheinland-Pfalz,code07,39.0
2012,Prozent,,Männlich,Rheinland-Pfalz,code07,42.2
2013,Prozent,,Männlich,Rheinland-Pfalz,code07,41.7
2014,Prozent,,Männlich,Rheinland-Pfalz,code07,41.6
2015,Prozent,,Männlich,Rheinland-Pfalz,code07,40.6
2016,Prozent,,Männlich,Rheinland-Pfalz,code07,41.9
2017,Prozent,,Männlich,Rheinland-Pfalz,code07,40.4
2018,Prozent,,Männlich,Rheinland-Pfalz,code07,42.47
2019,Prozent,,Männlich,Rheinland-Pfalz,code07,45.23
2020,Prozent,,Männlich,Rheinland-Pfalz,code07,46.46
2021,Prozent,,Männlich,Rheinland-Pfalz,code07,47.89
2005,Prozent,,Männlich,Rheinland-Pfalz,code07,34.6
2006,Prozent,,Männlich,Rheinland-Pfalz,code07,34.7
2007,Prozent,,Männlich,Rheinland-Pfalz,code07,34.0
2008,Prozent,,Männlich,Rheinland-Pfalz,code07,35.5
2009,Prozent,,Männlich,Rheinland-Pfalz,code07,36.3
2010,Prozent,,,Saarland,code10,32.86
2011,Prozent,,,Saarland,code10,34.78
2012,Prozent,,,Saarland,code10,38.26
2013,Prozent,,,Saarland,code10,35.69
2014,Prozent,,,Saarland,code10,35.75
2015,Prozent,,,Saarland,code10,40.2
2016,Prozent,,,Saarland,code10,41.4
2017,Prozent,,,Saarland,code10,39.83
2018,Prozent,,,Saarland,code10,44.6
2019,Prozent,,,Saarland,code10,47.73
2020,Prozent,,,Saarland,code10,55.3
2021,Prozent,,,Saarland,code10,56.152
2005,Prozent,,,Saarland,code10,32.67
2006,Prozent,,,Saarland,code10,35.0
2007,Prozent,,,Saarland,code10,32.4
2008,Prozent,,,Saarland,code10,36.2
2009,Prozent,,,Saarland,code10,37.2
2010,Prozent,,Weiblich,Saarland,code10,36.8
2011,Prozent,,Weiblich,Saarland,code10,38.7
2012,Prozent,,Weiblich,Saarland,code10,42.2
2013,Prozent,,Weiblich,Saarland,code10,39.9
2014,Prozent,,Weiblich,Saarland,code10,35.8
2015,Prozent,,Weiblich,Saarland,code10,41.3
2016,Prozent,,Weiblich,Saarland,code10,37.9
2017,Prozent,,Weiblich,Saarland,code10,40.4
2018,Prozent,,Weiblich,Saarland,code10,49.16
2019,Prozent,,Weiblich,Saarland,code10,54.21
2020,Prozent,,Weiblich,Saarland,code10,65.87
2021,Prozent,,Weiblich,Saarland,code10,61.148
2005,Prozent,,Weiblich,Saarland,code10,32.8
2006,Prozent,,Weiblich,Saarland,code10,35.0
2007,Prozent,,Weiblich,Saarland,code10,33.0
2008,Prozent,,Weiblich,Saarland,code10,37.2
2009,Prozent,,Weiblich,Saarland,code10,40.2
2010,Prozent,,Männlich,Saarland,code10,28.8
2011,Prozent,,Männlich,Saarland,code10,30.8
2012,Prozent,,Männlich,Saarland,code10,34.7
2013,Prozent,,Männlich,Saarland,code10,32.3
2014,Prozent,,Männlich,Saarland,code10,35.8
2015,Prozent,,Männlich,Saarland,code10,39.2
2016,Prozent,,Männlich,Saarland,code10,44.4
2017,Prozent,,Männlich,Saarland,code10,39.4
2018,Prozent,,Männlich,Saarland,code10,40.81
2019,Prozent,,Männlich,Saarland,code10,41.48
2020,Prozent,,Männlich,Saarland,code10,44.2
2021,Prozent,,Männlich,Saarland,code10,51.589
2005,Prozent,,Männlich,Saarland,code10,32.5
2006,Prozent,,Männlich,Saarland,code10,35.0
2007,Prozent,,Männlich,Saarland,code10,31.7
2008,Prozent,,Männlich,Saarland,code10,35.1
2009,Prozent,,Männlich,Saarland,code10,34.2
2010,Prozent,,,Sachsen,code14,46.36
2011,Prozent,,,Sachsen,code14,44.03
2012,Prozent,,,Sachsen,code14,42.67
2013,Prozent,,,Sachsen,code14,45.8
2014,Prozent,,,Sachsen,code14,46.18
2015,Prozent,,,Sachsen,code14,48.27
2016,Prozent,,,Sachsen,code14,46.22
2017,Prozent,,,Sachsen,code14,48.01
2018,Prozent,,,Sachsen,code14,49.18
2019,Prozent,,,Sachsen,code14,50.72
2020,Prozent,,,Sachsen,code14,51.6
2021,Prozent,,,Sachsen,code14,52.548
2005,Prozent,,,Sachsen,code14,37.89
2006,Prozent,,,Sachsen,code14,40.6
2007,Prozent,,,Sachsen,code14,44.3
2008,Prozent,,,Sachsen,code14,44.4
2009,Prozent,,,Sachsen,code14,46.0
2010,Prozent,,Weiblich,Sachsen,code14,55.0
2011,Prozent,,Weiblich,Sachsen,code14,53.1
2012,Prozent,,Weiblich,Sachsen,code14,50.5
2013,Prozent,,Weiblich,Sachsen,code14,55.4
2014,Prozent,,Weiblich,Sachsen,code14,54.3
2015,Prozent,,Weiblich,Sachsen,code14,56.3
2016,Prozent,,Weiblich,Sachsen,code14,54.9
2017,Prozent,,Weiblich,Sachsen,code14,56.9
2018,Prozent,,Weiblich,Sachsen,code14,57.38
2019,Prozent,,Weiblich,Sachsen,code14,59.76
2020,Prozent,,Weiblich,Sachsen,code14,58.95
2021,Prozent,,Weiblich,Sachsen,code14,59.178
2005,Prozent,,Weiblich,Sachsen,code14,42.1
2006,Prozent,,Weiblich,Sachsen,code14,48.2
2007,Prozent,,Weiblich,Sachsen,code14,52.4
2008,Prozent,,Weiblich,Sachsen,code14,52.4
2009,Prozent,,Weiblich,Sachsen,code14,55.4
2010,Prozent,,Männlich,Sachsen,code14,38.6
2011,Prozent,,Männlich,Sachsen,code14,36.2
2012,Prozent,,Männlich,Sachsen,code14,36.0
2013,Prozent,,Männlich,Sachsen,code14,37.8
2014,Prozent,,Männlich,Sachsen,code14,39.1
2015,Prozent,,Männlich,Sachsen,code14,41.0
2016,Prozent,,Männlich,Sachsen,code14,38.4
2017,Prozent,,Männlich,Sachsen,code14,39.9
2018,Prozent,,Männlich,Sachsen,code14,41.56
2019,Prozent,,Männlich,Sachsen,code14,41.69
2020,Prozent,,Männlich,Sachsen,code14,44.42
2021,Prozent,,Männlich,Sachsen,code14,46.283
2005,Prozent,,Männlich,Sachsen,code14,34.3
2006,Prozent,,Männlich,Sachsen,code14,34.0
2007,Prozent,,Männlich,Sachsen,code14,37.3
2008,Prozent,,Männlich,Sachsen,code14,37.8
2009,Prozent,,Männlich,Sachsen,code14,37.8
2010,Prozent,,,Sachsen-Anhalt,code15,32.16
2011,Prozent,,,Sachsen-Anhalt,code15,31.44
2012,Prozent,,,Sachsen-Anhalt,code15,30.9
2013,Prozent,,,Sachsen-Anhalt,code15,30.62
2014,Prozent,,,Sachsen-Anhalt,code15,32.35
2015,Prozent,,,Sachsen-Anhalt,code15,34.21
2016,Prozent,,,Sachsen-Anhalt,code15,33.41
2017,Prozent,,,Sachsen-Anhalt,code15,35.82
2018,Prozent,,,Sachsen-Anhalt,code15,38.58
2019,Prozent,,,Sachsen-Anhalt,code15,36.57
2020,Prozent,,,Sachsen-Anhalt,code15,39.88
2021,Prozent,,,Sachsen-Anhalt,code15,40.282
2005,Prozent,,,Sachsen-Anhalt,code15,27.9
2006,Prozent,,,Sachsen-Anhalt,code15,28.4
2007,Prozent,,,Sachsen-Anhalt,code15,27.0
2008,Prozent,,,Sachsen-Anhalt,code15,30.3
2009,Prozent,,,Sachsen-Anhalt,code15,32.3
2010,Prozent,,Weiblich,Sachsen-Anhalt,code15,37.1
2011,Prozent,,Weiblich,Sachsen-Anhalt,code15,37.2
2012,Prozent,,Weiblich,Sachsen-Anhalt,code15,36.3
2013,Prozent,,Weiblich,Sachsen-Anhalt,code15,36.5
2014,Prozent,,Weiblich,Sachsen-Anhalt,code15,38.9
2015,Prozent,,Weiblich,Sachsen-Anhalt,code15,39.8
2016,Prozent,,Weiblich,Sachsen-Anhalt,code15,41.5
2017,Prozent,,Weiblich,Sachsen-Anhalt,code15,41.2
2018,Prozent,,Weiblich,Sachsen-Anhalt,code15,44.33
2019,Prozent,,Weiblich,Sachsen-Anhalt,code15,41.27
2020,Prozent,,Weiblich,Sachsen-Anhalt,code15,50.36
2021,Prozent,,Weiblich,Sachsen-Anhalt,code15,49.164
2005,Prozent,,Weiblich,Sachsen-Anhalt,code15,31.2
2006,Prozent,,Weiblich,Sachsen-Anhalt,code15,32.1
2007,Prozent,,Weiblich,Sachsen-Anhalt,code15,34.2
2008,Prozent,,Weiblich,Sachsen-Anhalt,code15,36.6
2009,Prozent,,Weiblich,Sachsen-Anhalt,code15,36.9
2010,Prozent,,Männlich,Sachsen-Anhalt,code15,27.5
2011,Prozent,,Männlich,Sachsen-Anhalt,code15,26.2
2012,Prozent,,Männlich,Sachsen-Anhalt,code15,25.9
2013,Prozent,,Männlich,Sachsen-Anhalt,code15,25.6
2014,Prozent,,Männlich,Sachsen-Anhalt,code15,26.5
2015,Prozent,,Männlich,Sachsen-Anhalt,code15,29.6
2016,Prozent,,Männlich,Sachsen-Anhalt,code15,26.4
2017,Prozent,,Männlich,Sachsen-Anhalt,code15,30.8
2018,Prozent,,Männlich,Sachsen-Anhalt,code15,32.81
2019,Prozent,,Männlich,Sachsen-Anhalt,code15,32.34
2020,Prozent,,Männlich,Sachsen-Anhalt,code15,30.51
2021,Prozent,,Männlich,Sachsen-Anhalt,code15,31.979
2005,Prozent,,Männlich,Sachsen-Anhalt,code15,25.2
2006,Prozent,,Männlich,Sachsen-Anhalt,code15,24.9
2007,Prozent,,Männlich,Sachsen-Anhalt,code15,20.8
2008,Prozent,,Männlich,Sachsen-Anhalt,code15,24.7
2009,Prozent,,Männlich,Sachsen-Anhalt,code15,27.9
2010,Prozent,,,Schleswig-Holstein,code01,35.78
2011,Prozent,,,Schleswig-Holstein,code01,40.39
2012,Prozent,,,Schleswig-Holstein,code01,37.28
2013,Prozent,,,Schleswig-Holstein,code01,38.19
2014,Prozent,,,Schleswig-Holstein,code01,38.89
2015,Prozent,,,Schleswig-Holstein,code01,39.66
2016,Prozent,,,Schleswig-Holstein,code01,40.06
2017,Prozent,,,Schleswig-Holstein,code01,42.43
2018,Prozent,,,Schleswig-Holstein,code01,43.39
2019,Prozent,,,Schleswig-Holstein,code01,43.43
2020,Prozent,,,Schleswig-Holstein,code01,43.426
2021,Prozent,,,Schleswig-Holstein,code01,46.573
2005,Prozent,,,Schleswig-Holstein,code01,32.52
2006,Prozent,,,Schleswig-Holstein,code01,30.6
2007,Prozent,,,Schleswig-Holstein,code01,31.8
2008,Prozent,,,Schleswig-Holstein,code01,32.1
2009,Prozent,,,Schleswig-Holstein,code01,34.6
2010,Prozent,,Weiblich,Schleswig-Holstein,code01,36.7
2011,Prozent,,Weiblich,Schleswig-Holstein,code01,41.7
2012,Prozent,,Weiblich,Schleswig-Holstein,code01,39.2
2013,Prozent,,Weiblich,Schleswig-Holstein,code01,40.7
2014,Prozent,,Weiblich,Schleswig-Holstein,code01,40.7
2015,Prozent,,Weiblich,Schleswig-Holstein,code01,43.9
2016,Prozent,,Weiblich,Schleswig-Holstein,code01,42.9
2017,Prozent,,Weiblich,Schleswig-Holstein,code01,47.0
2018,Prozent,,Weiblich,Schleswig-Holstein,code01,49.13
2019,Prozent,,Weiblich,Schleswig-Holstein,code01,45.8
2020,Prozent,,Weiblich,Schleswig-Holstein,code01,45.802
2021,Prozent,,Weiblich,Schleswig-Holstein,code01,51.306
2005,Prozent,,Weiblich,Schleswig-Holstein,code01,32.1
2006,Prozent,,Weiblich,Schleswig-Holstein,code01,30.9
2007,Prozent,,Weiblich,Schleswig-Holstein,code01,31.2
2008,Prozent,,Weiblich,Schleswig-Holstein,code01,32.7
2009,Prozent,,Weiblich,Schleswig-Holstein,code01,35.8
2010,Prozent,,Männlich,Schleswig-Holstein,code01,34.9
2011,Prozent,,Männlich,Schleswig-Holstein,code01,39.0
2012,Prozent,,Männlich,Schleswig-Holstein,code01,35.3
2013,Prozent,,Männlich,Schleswig-Holstein,code01,35.4
2014,Prozent,,Männlich,Schleswig-Holstein,code01,37.0
2015,Prozent,,Männlich,Schleswig-Holstein,code01,35.5
2016,Prozent,,Männlich,Schleswig-Holstein,code01,37.4
2017,Prozent,,Männlich,Schleswig-Holstein,code01,37.9
2018,Prozent,,Männlich,Schleswig-Holstein,code01,37.78
2019,Prozent,,Männlich,Schleswig-Holstein,code01,41.15
2020,Prozent,,Männlich,Schleswig-Holstein,code01,41.153
2021,Prozent,,Männlich,Schleswig-Holstein,code01,42.166
2005,Prozent,,Männlich,Schleswig-Holstein,code01,33.0
2006,Prozent,,Männlich,Schleswig-Holstein,code01,30.3
2007,Prozent,,Männlich,Schleswig-Holstein,code01,32.5
2008,Prozent,,Männlich,Schleswig-Holstein,code01,31.3
2009,Prozent,,Männlich,Schleswig-Holstein,code01,33.4
2010,Prozent,,,Thüringen,code16,36.4
2011,Prozent,,,Thüringen,code16,37.2
2012,Prozent,,,Thüringen,code16,39.1
2013,Prozent,,,Thüringen,code16,39.8
2014,Prozent,,,Thüringen,code16,37.6
2015,Prozent,,,Thüringen,code16,36.89
2016,Prozent,,,Thüringen,code16,40.28
2017,Prozent,,,Thüringen,code16,40.68
2018,Prozent,,,Thüringen,code16,44.57
2019,Prozent,,,Thüringen,code16,44.77
2020,Prozent,,,Thüringen,code16,44.773
2021,Prozent,,,Thüringen,code16,46.885
2005,Prozent,,,Thüringen,code16,31.24
2006,Prozent,,,Thüringen,code16,32.2
2007,Prozent,,,Thüringen,code16,36.5
2008,Prozent,,,Thüringen,code16,35.7
2009,Prozent,,,Thüringen,code16,35.4
2010,Prozent,,Weiblich,Thüringen,code16,43.0
2011,Prozent,,Weiblich,Thüringen,code16,45.2
2012,Prozent,,Weiblich,Thüringen,code16,46.3
2013,Prozent,,Weiblich,Thüringen,code16,47.1
2014,Prozent,,Weiblich,Thüringen,code16,44.5
2015,Prozent,,Weiblich,Thüringen,code16,45.4
2016,Prozent,,Weiblich,Thüringen,code16,48.0
2017,Prozent,,Weiblich,Thüringen,code16,49.5
2018,Prozent,,Weiblich,Thüringen,code16,51.74
2019,Prozent,,Weiblich,Thüringen,code16,51.22
2020,Prozent,,Weiblich,Thüringen,code16,51.22
2021,Prozent,,Weiblich,Thüringen,code16,53.721
2005,Prozent,,Weiblich,Thüringen,code16,33.8
2006,Prozent,,Weiblich,Thüringen,code16,35.1
2007,Prozent,,Weiblich,Thüringen,code16,40.8
2008,Prozent,,Weiblich,Thüringen,code16,41.9
2009,Prozent,,Weiblich,Thüringen,code16,42.5
2010,Prozent,,Männlich,Thüringen,code16,30.5
2011,Prozent,,Männlich,Thüringen,code16,29.9
2012,Prozent,,Männlich,Thüringen,code16,32.8
2013,Prozent,,Männlich,Thüringen,code16,33.0
2014,Prozent,,Männlich,Thüringen,code16,31.3
2015,Prozent,,Männlich,Thüringen,code16,29.9
2016,Prozent,,Männlich,Thüringen,code16,33.4
2017,Prozent,,Männlich,Thüringen,code16,32.9
2018,Prozent,,Männlich,Thüringen,code16,38.1
2019,Prozent,,Männlich,Thüringen,code16,38.9
2020,Prozent,,Männlich,Thüringen,code16,38.895
2021,Prozent,,Männlich,Thüringen,code16,40.853
2005,Prozent,,Männlich,Thüringen,code16,29.1
2006,Prozent,,Männlich,Thüringen,code16,29.7
2007,Prozent,,Männlich,Thüringen,code16,32.6
2008,Prozent,,Männlich,Thüringen,code16,30.4
2009,Prozent,,Männlich,Thüringen,code16,29.1
1999,Prozent,Tertiärer Abschluss,,,,24.5
2010,Prozent,Tertiärer Abschluss,,,,29.77
2011,Prozent,Tertiärer Abschluss,,,,30.677
2012,Prozent,Tertiärer Abschluss,,,,31.898
2013,Prozent,Tertiärer Abschluss,,,,33.082
2014,Prozent,Tertiärer Abschluss,,,,31.364
2015,Prozent,Tertiärer Abschluss,,,,32.255
2016,Prozent,Tertiärer Abschluss,,,,33.1
2017,Prozent,Tertiärer Abschluss,,,,33.999
2018,Prozent,Tertiärer Abschluss,,,,34.926
2019,Prozent,Tertiärer Abschluss,,,,35.5
2020,Prozent,Tertiärer Abschluss,,,,36.6
2021,Prozent,Tertiärer Abschluss,,,,37.8
2022,Prozent,Tertiärer Abschluss,,,,39.39
2000,Prozent,Tertiärer Abschluss,,,,25.331
2001,Prozent,Tertiärer Abschluss,,,,25.052
2002,Prozent,Tertiärer Abschluss,,,,25.071
2003,Prozent,Tertiärer Abschluss,,,,25.045
2004,Prozent,Tertiärer Abschluss,,,,26.757
2005,Prozent,Tertiärer Abschluss,,,,26.065
2006,Prozent,Tertiärer Abschluss,,,,25.845
2007,Prozent,Tertiärer Abschluss,,,,26.498
2008,Prozent,Tertiärer Abschluss,,,,27.604
2009,Prozent,Tertiärer Abschluss,,,,29.37
2030,Prozent,Tertiärer Abschluss,,,,
1999,Prozent,Tertiärer Abschluss,Weiblich,,,20.9
2010,Prozent,Tertiärer Abschluss,Weiblich,,,29.658
2011,Prozent,Tertiärer Abschluss,Weiblich,,,31.528
2012,Prozent,Tertiärer Abschluss,Weiblich,,,32.87
2013,Prozent,Tertiärer Abschluss,Weiblich,,,34.0
2014,Prozent,Tertiärer Abschluss,Weiblich,,,30.804
2015,Prozent,Tertiärer Abschluss,Weiblich,,,32.321
2016,Prozent,Tertiärer Abschluss,Weiblich,,,32.9
2017,Prozent,Tertiärer Abschluss,Weiblich,,,34.191
2018,Prozent,Tertiärer Abschluss,Weiblich,,,35.335
2019,Prozent,Tertiärer Abschluss,Weiblich,,,36.0
2020,Prozent,Tertiärer Abschluss,Weiblich,,,37.3
2021,Prozent,Tertiärer Abschluss,Weiblich,,,38.6
2022,Prozent,Tertiärer Abschluss,Weiblich,,,40.442
2000,Prozent,Tertiärer Abschluss,Weiblich,,,21.778
2001,Prozent,Tertiärer Abschluss,Weiblich,,,21.688
2002,Prozent,Tertiärer Abschluss,Weiblich,,,22.091
2003,Prozent,Tertiärer Abschluss,Weiblich,,,22.511
2004,Prozent,Tertiärer Abschluss,Weiblich,,,24.258
2005,Prozent,Tertiärer Abschluss,Weiblich,,,24.128
2006,Prozent,Tertiärer Abschluss,Weiblich,,,24.415
2007,Prozent,Tertiärer Abschluss,Weiblich,,,25.663
2008,Prozent,Tertiärer Abschluss,Weiblich,,,26.974
2009,Prozent,Tertiärer Abschluss,Weiblich,,,29.178
1999,Prozent,Tertiärer Abschluss,Männlich,,,28.0
2010,Prozent,Tertiärer Abschluss,Männlich,,,29.879
2011,Prozent,Tertiärer Abschluss,Männlich,,,29.843
2012,Prozent,Tertiärer Abschluss,Männlich,,,30.946
2013,Prozent,Tertiärer Abschluss,Männlich,,,32.178
2014,Prozent,Tertiärer Abschluss,Männlich,,,31.922
2015,Prozent,Tertiärer Abschluss,Männlich,,,32.19
2016,Prozent,Tertiärer Abschluss,Männlich,,,33.3
2017,Prozent,Tertiärer Abschluss,Männlich,,,33.816
2018,Prozent,Tertiärer Abschluss,Männlich,,,34.535
2019,Prozent,Tertiärer Abschluss,Männlich,,,35.1
2020,Prozent,Tertiärer Abschluss,Männlich,,,36.0
2021,Prozent,Tertiärer Abschluss,Männlich,,,37.0
2022,Prozent,Tertiärer Abschluss,Männlich,,,38.398
2000,Prozent,Tertiärer Abschluss,Männlich,,,28.762
2001,Prozent,Tertiärer Abschluss,Männlich,,,28.33
2002,Prozent,Tertiärer Abschluss,Männlich,,,27.933
2003,Prozent,Tertiärer Abschluss,Männlich,,,27.431
2004,Prozent,Tertiärer Abschluss,Männlich,,,29.151
2005,Prozent,Tertiärer Abschluss,Männlich,,,27.957
2006,Prozent,Tertiärer Abschluss,Männlich,,,27.247
2007,Prozent,Tertiärer Abschluss,Männlich,,,27.31
2008,Prozent,Tertiärer Abschluss,Männlich,,,28.226
2009,Prozent,Tertiärer Abschluss,Männlich,,,29.56
1999,Prozent,Postsekundarer nicht-tertiärer Abschluss,,,,8.55
2010,Prozent,Postsekundarer nicht-tertiärer Abschluss,,,,11.53
2011,Prozent,Postsekundarer nicht-tertiärer Abschluss,,,,11.523
2012,Prozent,Postsekundarer nicht-tertiärer Abschluss,,,,11.502
2013,Prozent,Postsekundarer nicht-tertiärer Abschluss,,,,11.418
2014,Prozent,Postsekundarer nicht-tertiärer Abschluss,,,,14.336
2015,Prozent,Postsekundarer nicht-tertiärer Abschluss,,,,14.545
2016,Prozent,Postsekundarer nicht-tertiärer Abschluss,,,,14.8
2017,Prozent,Postsekundarer nicht-tertiärer Abschluss,,,,14.801
2018,Prozent,Postsekundarer nicht-tertiärer Abschluss,,,,14.474
2019,Prozent,Postsekundarer nicht-tertiärer Abschluss,,,,14.6
2020,Prozent,Postsekundarer nicht-tertiärer Abschluss,,,,15.7
2021,Prozent,Postsekundarer nicht-tertiärer Abschluss,,,,15.3
2022,Prozent,Postsekundarer nicht-tertiärer Abschluss,,,,14.31
2000,Prozent,Postsekundarer nicht-tertiärer Abschluss,,,,7.666
2001,Prozent,Postsekundarer nicht-tertiärer Abschluss,,,,8.12
2002,Prozent,Postsekundarer nicht-tertiärer Abschluss,,,,8.206
2003,Prozent,Postsekundarer nicht-tertiärer Abschluss,,,,8.847
2004,Prozent,Postsekundarer nicht-tertiärer Abschluss,,,,9.463
2005,Prozent,Postsekundarer nicht-tertiärer Abschluss,,,,9.935
2006,Prozent,Postsekundarer nicht-tertiärer Abschluss,,,,10.655
2007,Prozent,Postsekundarer nicht-tertiärer Abschluss,,,,11.102
2008,Prozent,Postsekundarer nicht-tertiärer Abschluss,,,,11.196
2009,Prozent,Postsekundarer nicht-tertiärer Abschluss,,,,11.33
2030,Prozent,Postsekundarer nicht-tertiärer Abschluss,,,,
1999,Prozent,Postsekundarer nicht-tertiärer Abschluss,Weiblich,,,10.031
2010,Prozent,Postsekundarer nicht-tertiärer Abschluss,Weiblich,,,13.042
2011,Prozent,Postsekundarer nicht-tertiärer Abschluss,Weiblich,,,12.872
2012,Prozent,Postsekundarer nicht-tertiärer Abschluss,Weiblich,,,13.13
2013,Prozent,Postsekundarer nicht-tertiärer Abschluss,Weiblich,,,12.8
2014,Prozent,Postsekundarer nicht-tertiärer Abschluss,Weiblich,,,17.596
2015,Prozent,Postsekundarer nicht-tertiärer Abschluss,Weiblich,,,18.179
2016,Prozent,Postsekundarer nicht-tertiärer Abschluss,Weiblich,,,18.4
2017,Prozent,Postsekundarer nicht-tertiärer Abschluss,Weiblich,,,18.409
2018,Prozent,Postsekundarer nicht-tertiärer Abschluss,Weiblich,,,18.065
2019,Prozent,Postsekundarer nicht-tertiärer Abschluss,Weiblich,,,18.0
2020,Prozent,Postsekundarer nicht-tertiärer Abschluss,Weiblich,,,19.3
2021,Prozent,Postsekundarer nicht-tertiärer Abschluss,Weiblich,,,18.3
2022,Prozent,Postsekundarer nicht-tertiärer Abschluss,Weiblich,,,17.258
2000,Prozent,Postsekundarer nicht-tertiärer Abschluss,Weiblich,,,9.101
2001,Prozent,Postsekundarer nicht-tertiärer Abschluss,Weiblich,,,9.4
2002,Prozent,Postsekundarer nicht-tertiärer Abschluss,Weiblich,,,9.16
2003,Prozent,Postsekundarer nicht-tertiärer Abschluss,Weiblich,,,9.682
2004,Prozent,Postsekundarer nicht-tertiärer Abschluss,Weiblich,,,10.395
2005,Prozent,Postsekundarer nicht-tertiärer Abschluss,Weiblich,,,10.872
2006,Prozent,Postsekundarer nicht-tertiärer Abschluss,Weiblich,,,12.085
2007,Prozent,Postsekundarer nicht-tertiärer Abschluss,Weiblich,,,12.337
2008,Prozent,Postsekundarer nicht-tertiärer Abschluss,Weiblich,,,12.726
2009,Prozent,Postsekundarer nicht-tertiärer Abschluss,Weiblich,,,13.022
1999,Prozent,Postsekundarer nicht-tertiärer Abschluss,Männlich,,,7.144
2010,Prozent,Postsekundarer nicht-tertiärer Abschluss,Männlich,,,10.121
2011,Prozent,Postsekundarer nicht-tertiärer Abschluss,Männlich,,,10.257
2012,Prozent,Postsekundarer nicht-tertiärer Abschluss,Männlich,,,9.954
2013,Prozent,Postsekundarer nicht-tertiärer Abschluss,Männlich,,,10.022
2014,Prozent,Postsekundarer nicht-tertiärer Abschluss,Männlich,,,10.978
2015,Prozent,Postsekundarer nicht-tertiärer Abschluss,Männlich,,,10.91
2016,Prozent,Postsekundarer nicht-tertiärer Abschluss,Männlich,,,11.3
2017,Prozent,Postsekundarer nicht-tertiärer Abschluss,Männlich,,,11.384
2018,Prozent,Postsekundarer nicht-tertiärer Abschluss,Männlich,,,11.165
2019,Prozent,Postsekundarer nicht-tertiärer Abschluss,Männlich,,,11.3
2020,Prozent,Postsekundarer nicht-tertiärer Abschluss,Männlich,,,12.3
2021,Prozent,Postsekundarer nicht-tertiärer Abschluss,Männlich,,,12.5
2022,Prozent,Postsekundarer nicht-tertiärer Abschluss,Männlich,,,11.602
2000,Prozent,Postsekundarer nicht-tertiärer Abschluss,Männlich,,,6.283
2001,Prozent,Postsekundarer nicht-tertiärer Abschluss,Männlich,,,6.869
2002,Prozent,Postsekundarer nicht-tertiärer Abschluss,Männlich,,,7.29
2003,Prozent,Postsekundarer nicht-tertiärer Abschluss,Männlich,,,8.062
2004,Prozent,Postsekundarer nicht-tertiärer Abschluss,Männlich,,,8.571
2005,Prozent,Postsekundarer nicht-tertiärer Abschluss,Männlich,,,9.043
2006,Prozent,Postsekundarer nicht-tertiärer Abschluss,Männlich,,,9.253
2007,Prozent,Postsekundarer nicht-tertiärer Abschluss,Männlich,,,9.99
2008,Prozent,Postsekundarer nicht-tertiärer Abschluss,Männlich,,,9.674
2009,Prozent,Postsekundarer nicht-tertiärer Abschluss,Männlich,,,9.64
