Year,Units,Bundesland,GeoCode,Value
2005,Prozent,,,10.3
2006,Prozent,,,11.7
2007,Prozent,,,14.4
2008,Prozent,,,15.3
2009,Prozent,,,16.6
2010,Prozent,,,17.2
2011,Prozent,,,20.6
2012,Prozent,,,23.8
2013,Prozent,,,25.3
2014,Prozent,,,27.5
2015,Prozent,,,31.6
2016,Prozent,,,31.8
2017,Prozent,,,36.2
2018,Prozent,,,37.9
2019,Prozent,,,42.2
2020,Prozent,,,45.5
2021,Prozent,,,41.5
2022,Prozent,,,46.2
2023,Prozent,,,51.8
2030,Prozent,,,
2005,Prozent,Baden-Württemberg,code08,8.583
2006,Prozent,Baden-Württemberg,code08,10.059
2007,Prozent,Baden-Württemberg,code08,11.262
2008,Prozent,Baden-Württemberg,code08,11.435
2009,Prozent,Baden-Württemberg,code08,12.156
2010,Prozent,Baden-Württemberg,code08,13.785
2011,Prozent,Baden-Württemberg,code08,15.251
2012,Prozent,Baden-Württemberg,code08,18.075
2013,Prozent,Baden-Württemberg,code08,18.874
2014,Prozent,Baden-Württemberg,code08,19.719
2015,Prozent,Baden-Württemberg,code08,19.855
2016,Prozent,Baden-Württemberg,code08,21.065
2017,Prozent,Baden-Württemberg,code08,22.4
2018,Prozent,Baden-Württemberg,code08,23.014
2019,Prozent,Baden-Württemberg,code08,24.585
2020,Prozent,Baden-Württemberg,code08,27.393
2021,Prozent,Baden-Württemberg,code08,26.756
2022,Prozent,Baden-Württemberg,code08,27.309
2005,Prozent,Bayern,code09,18.449
2006,Prozent,Bayern,code09,20.048
2007,Prozent,Bayern,code09,22.145
2008,Prozent,Bayern,code09,22.644
2009,Prozent,Bayern,code09,24.645
2010,Prozent,Bayern,code09,26.417
2011,Prozent,Bayern,code09,27.671
2012,Prozent,Bayern,code09,35.247
2013,Prozent,Bayern,code09,37.101
2014,Prozent,Bayern,code09,38.373
2015,Prozent,Bayern,code09,40.329
2016,Prozent,Bayern,code09,42.261
2017,Prozent,Bayern,code09,44.363
2018,Prozent,Bayern,code09,42.294
2019,Prozent,Bayern,code09,45.782
2020,Prozent,Bayern,code09,46.854
2021,Prozent,Bayern,code09,45.003
2005,Prozent,Berlin,code11,0.745
2006,Prozent,Berlin,code11,0.813
2007,Prozent,Berlin,code11,0.832
2010,Prozent,Berlin,code11,2.35
2011,Prozent,Berlin,code11,2.385
2012,Prozent,Berlin,code11,1.704
2013,Prozent,Berlin,code11,1.891
2014,Prozent,Berlin,code11,2.168
2015,Prozent,Berlin,code11,2.471
2016,Prozent,Berlin,code11,2.467
2017,Prozent,Berlin,code11,2.715
2018,Prozent,Berlin,code11,3.379
2019,Prozent,Berlin,code11,3.341
2020,Prozent,Berlin,code11,3.818
2021,Prozent,Berlin,code11,3.425
2022,Prozent,Berlin,code11,3.511
2005,Prozent,Brandenburg,code12,22.207
2006,Prozent,Brandenburg,code12,28.179
2007,Prozent,Brandenburg,code12,38.865
2008,Prozent,Brandenburg,code12,37.645
2009,Prozent,Brandenburg,code12,40.989
2010,Prozent,Brandenburg,code12,48.257
2011,Prozent,Brandenburg,code12,54.481
2012,Prozent,Brandenburg,code12,55.819
2013,Prozent,Brandenburg,code12,59.342
2014,Prozent,Brandenburg,code12,62.178
2015,Prozent,Brandenburg,code12,68.975
2016,Prozent,Brandenburg,code12,69.935
2017,Prozent,Brandenburg,code12,82.255
2018,Prozent,Brandenburg,code12,86.836
2019,Prozent,Brandenburg,code12,97.908
2020,Prozent,Brandenburg,code12,101.9
2021,Prozent,Brandenburg,code12,90.072
2022,Prozent,Brandenburg,code12,97.406
2005,Prozent,Bremen,code04,3.908
2006,Prozent,Bremen,code04,4.204
2007,Prozent,Bremen,code04,5.022
2008,Prozent,Bremen,code04,5.796
2009,Prozent,Bremen,code04,6.069
2010,Prozent,Bremen,code04,7.098
2011,Prozent,Bremen,code04,8.799
2012,Prozent,Bremen,code04,9.944
2013,Prozent,Bremen,code04,13.156
2014,Prozent,Bremen,code04,13.919
2015,Prozent,Bremen,code04,15.078
2016,Prozent,Bremen,code04,13.943
2017,Prozent,Bremen,code04,14.805
2018,Prozent,Bremen,code04,14.716
2019,Prozent,Bremen,code04,16.285
2020,Prozent,Bremen,code04,17.972
2021,Prozent,Bremen,code04,18.051
2005,Prozent,Hamburg,code02,1.317
2006,Prozent,Hamburg,code02,2.741
2007,Prozent,Hamburg,code02,2.677
2008,Prozent,Hamburg,code02,2.73
2009,Prozent,Hamburg,code02,2.915
2010,Prozent,Hamburg,code02,2.632
2011,Prozent,Hamburg,code02,2.816
2012,Prozent,Hamburg,code02,2.937
2013,Prozent,Hamburg,code02,2.806
2014,Prozent,Hamburg,code02,3.676
2015,Prozent,Hamburg,code02,3.832
2016,Prozent,Hamburg,code02,3.298
2017,Prozent,Hamburg,code02,3.735
2018,Prozent,Hamburg,code02,4.505
2019,Prozent,Hamburg,code02,4.821
2020,Prozent,Hamburg,code02,4.877
2021,Prozent,Hamburg,code02,4.835
2022,Prozent,Hamburg,code02,5.345
2005,Prozent,Hessen,code06,3.793
2006,Prozent,Hessen,code06,4.216
2007,Prozent,Hessen,code06,5.399
2008,Prozent,Hessen,code06,5.526
2009,Prozent,Hessen,code06,6.712
2010,Prozent,Hessen,code06,7.862
2011,Prozent,Hessen,code06,9.684
2012,Prozent,Hessen,code06,11.069
2013,Prozent,Hessen,code06,12.517
2014,Prozent,Hessen,code06,14.175
2015,Prozent,Hessen,code06,16.379
2016,Prozent,Hessen,code06,16.903
2017,Prozent,Hessen,code06,19.471
2018,Prozent,Hessen,code06,22.302
2019,Prozent,Hessen,code06,22.719
2020,Prozent,Hessen,code06,24.763
2021,Prozent,Hessen,code06,21.744
2022,Prozent,Hessen,code06,23.531
2010,Prozent,Mecklenburg-Vorpommern,code13,56.674
2011,Prozent,Mecklenburg-Vorpommern,code13,72.874
2012,Prozent,Mecklenburg-Vorpommern,code13,90.19
2013,Prozent,Mecklenburg-Vorpommern,code13,61.074
2014,Prozent,Mecklenburg-Vorpommern,code13,63.332
2006,Prozent,Niedersachsen,code03,18.628
2008,Prozent,Niedersachsen,code03,26.251
2009,Prozent,Niedersachsen,code03,26.602
2010,Prozent,Niedersachsen,code03,27.227
2011,Prozent,Niedersachsen,code03,33.843
2012,Prozent,Niedersachsen,code03,39.508
2013,Prozent,Niedersachsen,code03,40.304
2014,Prozent,Niedersachsen,code03,44.83
2015,Prozent,Niedersachsen,code03,54.282
2016,Prozent,Niedersachsen,code03,55.724
2017,Prozent,Niedersachsen,code03,68.109
2018,Prozent,Niedersachsen,code03,72.526
2019,Prozent,Niedersachsen,code03,82.902
2020,Prozent,Niedersachsen,code03,92.04
2021,Prozent,Niedersachsen,code03,81.145
2022,Prozent,Niedersachsen,code03,89.855
2005,Prozent,Nordrhein-Westfalen,code05,5.701
2006,Prozent,Nordrhein-Westfalen,code05,5.849
2007,Prozent,Nordrhein-Westfalen,code05,6.144
2008,Prozent,Nordrhein-Westfalen,code05,4.713
2009,Prozent,Nordrhein-Westfalen,code05,8.033
2010,Prozent,Nordrhein-Westfalen,code05,7.883
2011,Prozent,Nordrhein-Westfalen,code05,8.9
2012,Prozent,Nordrhein-Westfalen,code05,10.839
2013,Prozent,Nordrhein-Westfalen,code05,10.145
2014,Prozent,Nordrhein-Westfalen,code05,10.468
2015,Prozent,Nordrhein-Westfalen,code05,12.581
2016,Prozent,Nordrhein-Westfalen,code05,12.293
2017,Prozent,Nordrhein-Westfalen,code05,13.746
2018,Prozent,Nordrhein-Westfalen,code05,14.178
2019,Prozent,Nordrhein-Westfalen,code05,16.442
2020,Prozent,Nordrhein-Westfalen,code05,18.311
2021,Prozent,Nordrhein-Westfalen,code05,16.9
2005,Prozent,Rheinland-Pfalz,code07,7.906
2006,Prozent,Rheinland-Pfalz,code07,10.156
2007,Prozent,Rheinland-Pfalz,code07,12.58
2008,Prozent,Rheinland-Pfalz,code07,13.016
2009,Prozent,Rheinland-Pfalz,code07,14.517
2010,Prozent,Rheinland-Pfalz,code07,15.289
2011,Prozent,Rheinland-Pfalz,code07,16.81
2012,Prozent,Rheinland-Pfalz,code07,20.593
2013,Prozent,Rheinland-Pfalz,code07,23.1
2014,Prozent,Rheinland-Pfalz,code07,25.431
2015,Prozent,Rheinland-Pfalz,code07,30.733
2016,Prozent,Rheinland-Pfalz,code07,31.229
2017,Prozent,Rheinland-Pfalz,code07,33.936
2018,Prozent,Rheinland-Pfalz,code07,34.943
2019,Prozent,Rheinland-Pfalz,code07,38.116
2020,Prozent,Rheinland-Pfalz,code07,41.252
2021,Prozent,Rheinland-Pfalz,code07,36.054
2022,Prozent,Rheinland-Pfalz,code07,38.75
2005,Prozent,Saarland,code10,3.229
2006,Prozent,Saarland,code10,4.219
2007,Prozent,Saarland,code10,5.3
2008,Prozent,Saarland,code10,4.66
2009,Prozent,Saarland,code10,4.921
2010,Prozent,Saarland,code10,5.658
2011,Prozent,Saarland,code10,6.535
2012,Prozent,Saarland,code10,6.595
2013,Prozent,Saarland,code10,7.61
2014,Prozent,Saarland,code10,10.223
2015,Prozent,Saarland,code10,13.083
2005,Prozent,Sachsen,code14,7.573
2006,Prozent,Sachsen,code14,8.213
2007,Prozent,Sachsen,code14,11.045
2008,Prozent,Sachsen,code14,11.51
2009,Prozent,Sachsen,code14,12.41
2010,Prozent,Sachsen,code14,12.709
2011,Prozent,Sachsen,code14,15.289
2012,Prozent,Sachsen,code14,16.077
2013,Prozent,Sachsen,code14,17.28
2014,Prozent,Sachsen,code14,18.284
2015,Prozent,Sachsen,code14,20.699
2016,Prozent,Sachsen,code14,19.762
2017,Prozent,Sachsen,code14,21.373
2018,Prozent,Sachsen,code14,21.202
2019,Prozent,Sachsen,code14,22.781
2020,Prozent,Sachsen,code14,24.672
2021,Prozent,Sachsen,code14,21.858
2022,Prozent,Sachsen,code14,22.913
2005,Prozent,Sachsen-Anhalt,code15,18.799
2006,Prozent,Sachsen-Anhalt,code15,22.689
2007,Prozent,Sachsen-Anhalt,code15,33.829
2008,Prozent,Sachsen-Anhalt,code15,38.277
2009,Prozent,Sachsen-Anhalt,code15,41.648
2010,Prozent,Sachsen-Anhalt,code15,41.994
2011,Prozent,Sachsen-Anhalt,code15,47.408
2012,Prozent,Sachsen-Anhalt,code15,53.137
2013,Prozent,Sachsen-Anhalt,code15,56.373
2014,Prozent,Sachsen-Anhalt,code15,61.376
2015,Prozent,Sachsen-Anhalt,code15,70.709
2016,Prozent,Sachsen-Anhalt,code15,61.143
2017,Prozent,Sachsen-Anhalt,code15,69.441
2018,Prozent,Sachsen-Anhalt,code15,67.774
2019,Prozent,Sachsen-Anhalt,code15,76.224
2020,Prozent,Sachsen-Anhalt,code15,77.425
2021,Prozent,Sachsen-Anhalt,code15,70.233
2005,Prozent,Schleswig-Holstein,code01,22.718
2006,Prozent,Schleswig-Holstein,code01,23.446
2007,Prozent,Schleswig-Holstein,code01,31.163
2008,Prozent,Schleswig-Holstein,code01,36.453
2009,Prozent,Schleswig-Holstein,code01,39.209
2010,Prozent,Schleswig-Holstein,code01,42.205
2011,Prozent,Schleswig-Holstein,code01,54.149
2012,Prozent,Schleswig-Holstein,code01,61.874
2013,Prozent,Schleswig-Holstein,code01,62.905
2014,Prozent,Schleswig-Holstein,code01,75.77
2015,Prozent,Schleswig-Holstein,code01,110.625
2016,Prozent,Schleswig-Holstein,code01,121.395
2017,Prozent,Schleswig-Holstein,code01,147.894
2018,Prozent,Schleswig-Holstein,code01,137.569
2019,Prozent,Schleswig-Holstein,code01,150.06
2020,Prozent,Schleswig-Holstein,code01,155.688
2021,Prozent,Schleswig-Holstein,code01,142.362
2022,Prozent,Schleswig-Holstein,code01,171.481
2005,Prozent,Thüringen,code16,11.077
2006,Prozent,Thüringen,code16,12.286
2007,Prozent,Thüringen,code16,17.809
2008,Prozent,Thüringen,code16,17.965
2009,Prozent,Thüringen,code16,19.807
2010,Prozent,Thüringen,code16,19.533
2011,Prozent,Thüringen,code16,23.571
2012,Prozent,Thüringen,code16,25.623
2013,Prozent,Thüringen,code16,28.908
2014,Prozent,Thüringen,code16,30.128
2015,Prozent,Thüringen,code16,33.981
2016,Prozent,Thüringen,code16,34.263
2017,Prozent,Thüringen,code16,39.738
2018,Prozent,Thüringen,code16,39.464
2019,Prozent,Thüringen,code16,42.442
2020,Prozent,Thüringen,code16,45.582
