Year,Units,sub index,Value
1990,2030 = 100,,136.263
1991,2030 = 100,,127.755
1992,2030 = 100,,119.916
1993,2030 = 100,,126.218
1994,2030 = 100,,126.751
1995,2030 = 100,,113.45
1996,2030 = 100,,119.46
1997,2030 = 100,,108.517
1998,2030 = 100,,102.154
1999,2030 = 100,,108.982
2000,2030 = 100,,101.831
2001,2030 = 100,,99.816
2002,2030 = 100,,93.221
2003,2030 = 100,,89.021
2004,2030 = 100,,92.82
2005,2030 = 100,,91.002
2006,2030 = 100,,86.532
2007,2030 = 100,,87.294
2008,2030 = 100,,88.442
2009,2030 = 100,,82.514
2010,2030 = 100,,79.533
2011,2030 = 100,,77.341
2012,2030 = 100,,80.342
2013,2030 = 100,,76.917
2014,2030 = 100,,75.893
2015,2030 = 100,,79.976
2016,2030 = 100,,79.954
2017,2030 = 100,,75.555
2018,2030 = 100,,73.664
2019,2030 = 100,,75.343
2030,2030 = 100,,
1990,2030 = 100,forest sub-index,93.091
1991,2030 = 100,forest sub-index,85.588
1992,2030 = 100,forest sub-index,82.071
1993,2030 = 100,forest sub-index,82.621
1994,2030 = 100,forest sub-index,83.248
1995,2030 = 100,forest sub-index,73.519
1996,2030 = 100,forest sub-index,80.348
1997,2030 = 100,forest sub-index,80.014
1998,2030 = 100,forest sub-index,72.826
1999,2030 = 100,forest sub-index,77.245
2000,2030 = 100,forest sub-index,74.171
2001,2030 = 100,forest sub-index,74.499
2002,2030 = 100,forest sub-index,71.959
2003,2030 = 100,forest sub-index,72.261
2004,2030 = 100,forest sub-index,73.984
2005,2030 = 100,forest sub-index,74.393
2006,2030 = 100,forest sub-index,75.605
2007,2030 = 100,forest sub-index,71.83
2008,2030 = 100,forest sub-index,78.006
2009,2030 = 100,forest sub-index,70.084
2010,2030 = 100,forest sub-index,79.533
2011,2030 = 100,forest sub-index,77.341
2012,2030 = 100,forest sub-index,80.342
2013,2030 = 100,forest sub-index,76.917
2014,2030 = 100,forest sub-index,75.893
2015,2030 = 100,forest sub-index,79.976
2016,2030 = 100,forest sub-index,79.954
2017,2030 = 100,forest sub-index,75.555
2018,2030 = 100,forest sub-index,73.664
2019,2030 = 100,forest sub-index,75.343
1990,2030 = 100,settlements sub-index,93.241
1991,2030 = 100,settlements sub-index,87.239
1992,2030 = 100,settlements sub-index,83.472
1993,2030 = 100,settlements sub-index,91.762
1994,2030 = 100,settlements sub-index,87.149
1995,2030 = 100,settlements sub-index,92.875
1996,2030 = 100,settlements sub-index,104.822
1997,2030 = 100,settlements sub-index,96.197
1998,2030 = 100,settlements sub-index,93.287
1999,2030 = 100,settlements sub-index,90.942
2000,2030 = 100,settlements sub-index,85.785
2001,2030 = 100,settlements sub-index,83.764
2002,2030 = 100,settlements sub-index,76.126
2003,2030 = 100,settlements sub-index,72.063
2004,2030 = 100,settlements sub-index,80.454
2005,2030 = 100,settlements sub-index,76.663
2006,2030 = 100,settlements sub-index,74.543
2007,2030 = 100,settlements sub-index,76.435
2008,2030 = 100,settlements sub-index,69.799
2009,2030 = 100,settlements sub-index,71.961
2010,2030 = 100,settlements sub-index,73.897
2011,2030 = 100,settlements sub-index,80.694
2012,2030 = 100,settlements sub-index,78.344
2013,2030 = 100,settlements sub-index,75.87
2014,2030 = 100,settlements sub-index,77.492
2015,2030 = 100,settlements sub-index,78.863
2016,2030 = 100,settlements sub-index,81.23
2017,2030 = 100,settlements sub-index,81.395
2018,2030 = 100,settlements sub-index,78.902
2019,2030 = 100,settlements sub-index,80.262
1990,2030 = 100,farmland sub-index,183.023
1991,2030 = 100,farmland sub-index,174.228
1992,2030 = 100,farmland sub-index,161.626
1993,2030 = 100,farmland sub-index,171.814
1994,2030 = 100,farmland sub-index,172.437
1995,2030 = 100,farmland sub-index,149.018
1996,2030 = 100,farmland sub-index,155.384
1997,2030 = 100,farmland sub-index,136.613
1998,2030 = 100,farmland sub-index,128.139
1999,2030 = 100,farmland sub-index,138.234
2000,2030 = 100,farmland sub-index,127.657
2001,2030 = 100,farmland sub-index,121.82
2002,2030 = 100,farmland sub-index,112.012
2003,2030 = 100,farmland sub-index,104.203
2004,2030 = 100,farmland sub-index,108.229
2005,2030 = 100,farmland sub-index,106.132
2006,2030 = 100,farmland sub-index,97.626
2007,2030 = 100,farmland sub-index,98.24
2008,2030 = 100,farmland sub-index,98.093
2009,2030 = 100,farmland sub-index,92.29
2010,2030 = 100,farmland sub-index,82.998
2011,2030 = 100,farmland sub-index,76.914
2012,2030 = 100,farmland sub-index,78.849
2013,2030 = 100,farmland sub-index,73.706
2014,2030 = 100,farmland sub-index,73.317
2015,2030 = 100,farmland sub-index,77.665
2016,2030 = 100,farmland sub-index,77.989
2017,2030 = 100,farmland sub-index,70.006
2018,2030 = 100,farmland sub-index,68.249
2019,2030 = 100,farmland sub-index,69.854
1990,2030 = 100,inland waters sub-index,85.274
1991,2030 = 100,inland waters sub-index,71.432
1992,2030 = 100,inland waters sub-index,69.485
1993,2030 = 100,inland waters sub-index,70.155
1994,2030 = 100,inland waters sub-index,77.507
1995,2030 = 100,inland waters sub-index,79.066
1996,2030 = 100,inland waters sub-index,71.816
1997,2030 = 100,inland waters sub-index,65.963
1998,2030 = 100,inland waters sub-index,68.413
1999,2030 = 100,inland waters sub-index,78.883
2000,2030 = 100,inland waters sub-index,74.293
2001,2030 = 100,inland waters sub-index,85.388
2002,2030 = 100,inland waters sub-index,84.779
2003,2030 = 100,inland waters sub-index,85.529
2004,2030 = 100,inland waters sub-index,87.869
2005,2030 = 100,inland waters sub-index,83.447
2006,2030 = 100,inland waters sub-index,79.224
2007,2030 = 100,inland waters sub-index,93.401
2008,2030 = 100,inland waters sub-index,97.148
2009,2030 = 100,inland waters sub-index,84.889
2010,2030 = 100,inland waters sub-index,79.533
2011,2030 = 100,inland waters sub-index,77.341
2012,2030 = 100,inland waters sub-index,80.342
2013,2030 = 100,inland waters sub-index,76.917
2014,2030 = 100,inland waters sub-index,75.893
2015,2030 = 100,inland waters sub-index,79.976
2016,2030 = 100,inland waters sub-index,79.954
2017,2030 = 100,inland waters sub-index,75.555
2018,2030 = 100,inland waters sub-index,73.664
2019,2030 = 100,inland waters sub-index,75.343
1990,2030 = 100,coasts and seas sub-index,85.916
1991,2030 = 100,coasts and seas sub-index,90.028
1992,2030 = 100,coasts and seas sub-index,111.2
1993,2030 = 100,coasts and seas sub-index,99.726
1994,2030 = 100,coasts and seas sub-index,113.608
1995,2030 = 100,coasts and seas sub-index,116.409
1996,2030 = 100,coasts and seas sub-index,100.15
1997,2030 = 100,coasts and seas sub-index,105.099
1998,2030 = 100,coasts and seas sub-index,109.743
1999,2030 = 100,coasts and seas sub-index,109.177
2000,2030 = 100,coasts and seas sub-index,111.739
2001,2030 = 100,coasts and seas sub-index,115.139
2002,2030 = 100,coasts and seas sub-index,107.665
2003,2030 = 100,coasts and seas sub-index,107.229
2004,2030 = 100,coasts and seas sub-index,96.337
2005,2030 = 100,coasts and seas sub-index,94.49
2006,2030 = 100,coasts and seas sub-index,94.579
2007,2030 = 100,coasts and seas sub-index,95.955
2008,2030 = 100,coasts and seas sub-index,91.275
2009,2030 = 100,coasts and seas sub-index,82.846
2010,2030 = 100,coasts and seas sub-index,82.839
2011,2030 = 100,coasts and seas sub-index,85.591
2012,2030 = 100,coasts and seas sub-index,83.182
2013,2030 = 100,coasts and seas sub-index,81.026
2014,2030 = 100,coasts and seas sub-index,83.91
2015,2030 = 100,coasts and seas sub-index,81.405
2016,2030 = 100,coasts and seas sub-index,87.558
2017,2030 = 100,coasts and seas sub-index,81.979
2018,2030 = 100,coasts and seas sub-index,77.614
2019,2030 = 100,coasts and seas sub-index,
