Year,Units,Series,federal state,GeoCode,Value
2008,2008 = 100,final energy productivity,,,100.0
2009,2008 = 100,final energy productivity,,,100.481
2010,2008 = 100,final energy productivity,,,98.181
2011,2008 = 100,final energy productivity,,,106.199
2012,2008 = 100,final energy productivity,,,105.685
2013,2008 = 100,final energy productivity,,,103.932
2014,2008 = 100,final energy productivity,,,112.208
2015,2008 = 100,final energy productivity,,,110.543
2016,2008 = 100,final energy productivity,,,112.086
2017,2008 = 100,final energy productivity,,,114.05
2018,2008 = 100,final energy productivity,,,116.599
2019,2008 = 100,final energy productivity,,,117.96
2020,2008 = 100,final energy productivity,,,121.194
2021,2008 = 100,final energy productivity,,,120.506
2022,2008 = 100,final energy productivity,,,126.482
2023,2008 = 100,final energy productivity,,,
2050,2008 = 100,final energy productivity,,,
2030,2008 = 100,final energy productivity,,,
2008,2008 = 100,final energy productivity,baden-wuerttemberg,code08,100.0
2009,2008 = 100,final energy productivity,baden-wuerttemberg,code08,95.51
2010,2008 = 100,final energy productivity,baden-wuerttemberg,code08,100.225
2011,2008 = 100,final energy productivity,baden-wuerttemberg,code08,109.76
2012,2008 = 100,final energy productivity,baden-wuerttemberg,code08,111.933
2013,2008 = 100,final energy productivity,baden-wuerttemberg,code08,107.343
2014,2008 = 100,final energy productivity,baden-wuerttemberg,code08,117.228
2015,2008 = 100,final energy productivity,baden-wuerttemberg,code08,116.577
2016,2008 = 100,final energy productivity,baden-wuerttemberg,code08,115.559
2017,2008 = 100,final energy productivity,baden-wuerttemberg,code08,119.752
2018,2008 = 100,final energy productivity,baden-wuerttemberg,code08,124.742
2019,2008 = 100,final energy productivity,baden-wuerttemberg,code08,120.569
2020,2008 = 100,final energy productivity,baden-wuerttemberg,code08,121.345
2021,2008 = 100,final energy productivity,baden-wuerttemberg,code08,124.912
2008,2008 = 100,final energy productivity,bavaria,code09,100.0
2009,2008 = 100,final energy productivity,bavaria,code09,98.7
2010,2008 = 100,final energy productivity,bavaria,code09,96.325
2011,2008 = 100,final energy productivity,bavaria,code09,103.171
2012,2008 = 100,final energy productivity,bavaria,code09,104.626
2013,2008 = 100,final energy productivity,bavaria,code09,104.95
2014,2008 = 100,final energy productivity,bavaria,code09,112.899
2015,2008 = 100,final energy productivity,bavaria,code09,112.094
2016,2008 = 100,final energy productivity,bavaria,code09,111.262
2017,2008 = 100,final energy productivity,bavaria,code09,114.289
2018,2008 = 100,final energy productivity,bavaria,code09,113.376
2019,2008 = 100,final energy productivity,bavaria,code09,112.245
2020,2008 = 100,final energy productivity,bavaria,code09,116.079
2008,2008 = 100,final energy productivity,berlin,code11,100.0
2009,2008 = 100,final energy productivity,berlin,code11,98.343
2010,2008 = 100,final energy productivity,berlin,code11,93.095
2011,2008 = 100,final energy productivity,berlin,code11,108.404
2012,2008 = 100,final energy productivity,berlin,code11,107.012
2013,2008 = 100,final energy productivity,berlin,code11,104.413
2014,2008 = 100,final energy productivity,berlin,code11,115.015
2015,2008 = 100,final energy productivity,berlin,code11,121.508
2016,2008 = 100,final energy productivity,berlin,code11,124.003
2017,2008 = 100,final energy productivity,berlin,code11,129.416
2018,2008 = 100,final energy productivity,berlin,code11,134.957
2019,2008 = 100,final energy productivity,berlin,code11,140.478
2020,2008 = 100,final energy productivity,berlin,code11,155.369
2021,2008 = 100,final energy productivity,berlin,code11,156.804
2008,2008 = 100,final energy productivity,brandenburg,code12,100.0
2009,2008 = 100,final energy productivity,brandenburg,code12,99.373
2010,2008 = 100,final energy productivity,brandenburg,code12,95.549
2011,2008 = 100,final energy productivity,brandenburg,code12,100.242
2012,2008 = 100,final energy productivity,brandenburg,code12,99.112
2013,2008 = 100,final energy productivity,brandenburg,code12,97.892
2014,2008 = 100,final energy productivity,brandenburg,code12,103.998
2015,2008 = 100,final energy productivity,brandenburg,code12,107.39
2016,2008 = 100,final energy productivity,brandenburg,code12,104.255
2017,2008 = 100,final energy productivity,brandenburg,code12,103.997
2018,2008 = 100,final energy productivity,brandenburg,code12,103.051
2019,2008 = 100,final energy productivity,brandenburg,code12,108.613
2020,2008 = 100,final energy productivity,brandenburg,code12,110.592
2021,2008 = 100,final energy productivity,brandenburg,code12,106.468
2008,2008 = 100,final energy productivity,bremen,code04,100.0
2009,2008 = 100,final energy productivity,bremen,code04,97.318
2010,2008 = 100,final energy productivity,bremen,code04,91.265
2011,2008 = 100,final energy productivity,bremen,code04,95.844
2012,2008 = 100,final energy productivity,bremen,code04,100.145
2013,2008 = 100,final energy productivity,bremen,code04,99.811
2014,2008 = 100,final energy productivity,bremen,code04,95.753
2015,2008 = 100,final energy productivity,bremen,code04,97.558
2016,2008 = 100,final energy productivity,bremen,code04,100.05
2017,2008 = 100,final energy productivity,bremen,code04,105.975
2018,2008 = 100,final energy productivity,bremen,code04,105.452
2019,2008 = 100,final energy productivity,bremen,code04,108.137
2020,2008 = 100,final energy productivity,bremen,code04,113.307
2021,2008 = 100,final energy productivity,bremen,code04,112.461
2008,2008 = 100,final energy productivity,hamburg,code02,100.0
2009,2008 = 100,final energy productivity,hamburg,code02,97.621
2010,2008 = 100,final energy productivity,hamburg,code02,94.005
2011,2008 = 100,final energy productivity,hamburg,code02,100.822
2012,2008 = 100,final energy productivity,hamburg,code02,99.28
2013,2008 = 100,final energy productivity,hamburg,code02,103.854
2014,2008 = 100,final energy productivity,hamburg,code02,109.726
2015,2008 = 100,final energy productivity,hamburg,code02,108.894
2016,2008 = 100,final energy productivity,hamburg,code02,110.634
2017,2008 = 100,final energy productivity,hamburg,code02,112.132
2018,2008 = 100,final energy productivity,hamburg,code02,110.398
2019,2008 = 100,final energy productivity,hamburg,code02,114.371
2020,2008 = 100,final energy productivity,hamburg,code02,118.007
2021,2008 = 100,final energy productivity,hamburg,code02,116.935
2008,2008 = 100,final energy productivity,hesse,code06,100.0
2009,2008 = 100,final energy productivity,hesse,code06,97.797
2010,2008 = 100,final energy productivity,hesse,code06,98.676
2011,2008 = 100,final energy productivity,hesse,code06,106.695
2012,2008 = 100,final energy productivity,hesse,code06,104.233
2013,2008 = 100,final energy productivity,hesse,code06,102.414
2014,2008 = 100,final energy productivity,hesse,code06,106.007
2015,2008 = 100,final energy productivity,hesse,code06,104.154
2016,2008 = 100,final energy productivity,hesse,code06,105.019
2017,2008 = 100,final energy productivity,hesse,code06,107.738
2018,2008 = 100,final energy productivity,hesse,code06,109.799
2019,2008 = 100,final energy productivity,hesse,code06,109.324
2020,2008 = 100,final energy productivity,hesse,code06,124.797
2021,2008 = 100,final energy productivity,hesse,code06,122.061
2008,2008 = 100,final energy productivity,mecklenburg western pomerania,code13,100.0
2009,2008 = 100,final energy productivity,mecklenburg western pomerania,code13,99.919
2010,2008 = 100,final energy productivity,mecklenburg western pomerania,code13,94.594
2011,2008 = 100,final energy productivity,mecklenburg western pomerania,code13,104.514
2012,2008 = 100,final energy productivity,mecklenburg western pomerania,code13,100.737
2013,2008 = 100,final energy productivity,mecklenburg western pomerania,code13,98.51
2014,2008 = 100,final energy productivity,mecklenburg western pomerania,code13,104.496
2015,2008 = 100,final energy productivity,mecklenburg western pomerania,code13,104.751
2016,2008 = 100,final energy productivity,mecklenburg western pomerania,code13,105.395
2017,2008 = 100,final energy productivity,mecklenburg western pomerania,code13,112.337
2018,2008 = 100,final energy productivity,mecklenburg western pomerania,code13,109.883
2019,2008 = 100,final energy productivity,mecklenburg western pomerania,code13,115.145
2020,2008 = 100,final energy productivity,mecklenburg western pomerania,code13,112.337
2008,2008 = 100,final energy productivity,lower saxony,code03,100.0
2009,2008 = 100,final energy productivity,lower saxony,code03,98.99
2010,2008 = 100,final energy productivity,lower saxony,code03,97.799
2011,2008 = 100,final energy productivity,lower saxony,code03,107.993
2012,2008 = 100,final energy productivity,lower saxony,code03,111.391
2013,2008 = 100,final energy productivity,lower saxony,code03,108.658
2014,2008 = 100,final energy productivity,lower saxony,code03,114.364
2015,2008 = 100,final energy productivity,lower saxony,code03,114.253
2016,2008 = 100,final energy productivity,lower saxony,code03,119.83
2017,2008 = 100,final energy productivity,lower saxony,code03,118.639
2018,2008 = 100,final energy productivity,lower saxony,code03,119.812
2019,2008 = 100,final energy productivity,lower saxony,code03,123.238
2020,2008 = 100,final energy productivity,lower saxony,code03,123.761
2021,2008 = 100,final energy productivity,lower saxony,code03,120.699
2008,2008 = 100,final energy productivity,north rhine-westphalia,code05,100.0
2009,2008 = 100,final energy productivity,north rhine-westphalia,code05,106.784
2010,2008 = 100,final energy productivity,north rhine-westphalia,code05,102.132
2011,2008 = 100,final energy productivity,north rhine-westphalia,code05,111.632
2012,2008 = 100,final energy productivity,north rhine-westphalia,code05,112.414
2013,2008 = 100,final energy productivity,north rhine-westphalia,code05,111.927
2014,2008 = 100,final energy productivity,north rhine-westphalia,code05,117.176
2015,2008 = 100,final energy productivity,north rhine-westphalia,code05,118.901
2016,2008 = 100,final energy productivity,north rhine-westphalia,code05,118.31
2017,2008 = 100,final energy productivity,north rhine-westphalia,code05,123.777
2018,2008 = 100,final energy productivity,north rhine-westphalia,code05,119.864
2019,2008 = 100,final energy productivity,north rhine-westphalia,code05,119.531
2020,2008 = 100,final energy productivity,north rhine-westphalia,code05,120.051
2008,2008 = 100,final energy productivity,rhineland palatinate,code07,100.0
2009,2008 = 100,final energy productivity,rhineland palatinate,code07,99.392
2010,2008 = 100,final energy productivity,rhineland palatinate,code07,99.844
2011,2008 = 100,final energy productivity,rhineland palatinate,code07,110.204
2012,2008 = 100,final energy productivity,rhineland palatinate,code07,112.68
2013,2008 = 100,final energy productivity,rhineland palatinate,code07,109.215
2014,2008 = 100,final energy productivity,rhineland palatinate,code07,114.568
2015,2008 = 100,final energy productivity,rhineland palatinate,code07,115.354
2016,2008 = 100,final energy productivity,rhineland palatinate,code07,114.079
2017,2008 = 100,final energy productivity,rhineland palatinate,code07,114.868
2018,2008 = 100,final energy productivity,rhineland palatinate,code07,113.323
2019,2008 = 100,final energy productivity,rhineland palatinate,code07,112.689
2020,2008 = 100,final energy productivity,rhineland palatinate,code07,111.356
2021,2008 = 100,final energy productivity,rhineland palatinate,code07,117.734
2008,2008 = 100,final energy productivity,saxony,code14,100.0
2009,2008 = 100,final energy productivity,saxony,code14,97.326
2010,2008 = 100,final energy productivity,saxony,code14,95.168
2011,2008 = 100,final energy productivity,saxony,code14,105.46
2012,2008 = 100,final energy productivity,saxony,code14,100.662
2013,2008 = 100,final energy productivity,saxony,code14,98.788
2014,2008 = 100,final energy productivity,saxony,code14,107.094
2015,2008 = 100,final energy productivity,saxony,code14,107.151
2016,2008 = 100,final energy productivity,saxony,code14,106.091
2017,2008 = 100,final energy productivity,saxony,code14,105.551
2018,2008 = 100,final energy productivity,saxony,code14,109.175
2019,2008 = 100,final energy productivity,saxony,code14,111.918
2020,2008 = 100,final energy productivity,saxony,code14,106.632
2021,2008 = 100,final energy productivity,saxony,code14,103.081
2008,2008 = 100,final energy productivity,saxony-anhalt,code15,100.0
2009,2008 = 100,final energy productivity,saxony-anhalt,code15,95.979
2010,2008 = 100,final energy productivity,saxony-anhalt,code15,92.862
2011,2008 = 100,final energy productivity,saxony-anhalt,code15,95.452
2012,2008 = 100,final energy productivity,saxony-anhalt,code15,94.681
2013,2008 = 100,final energy productivity,saxony-anhalt,code15,94.603
2014,2008 = 100,final energy productivity,saxony-anhalt,code15,99.115
2015,2008 = 100,final energy productivity,saxony-anhalt,code15,99.939
2016,2008 = 100,final energy productivity,saxony-anhalt,code15,98.61
2017,2008 = 100,final energy productivity,saxony-anhalt,code15,98.431
2018,2008 = 100,final energy productivity,saxony-anhalt,code15,95.744
2019,2008 = 100,final energy productivity,saxony-anhalt,code15,100.594
2020,2008 = 100,final energy productivity,saxony-anhalt,code15,101.323
2021,2008 = 100,final energy productivity,saxony-anhalt,code15,98.044
2008,2008 = 100,final energy productivity,schleswig-holstein,code01,100.0
2009,2008 = 100,final energy productivity,schleswig-holstein,code01,99.589
2010,2008 = 100,final energy productivity,schleswig-holstein,code01,94.807
2011,2008 = 100,final energy productivity,schleswig-holstein,code01,102.345
2012,2008 = 100,final energy productivity,schleswig-holstein,code01,99.576
2013,2008 = 100,final energy productivity,schleswig-holstein,code01,95.743
2014,2008 = 100,final energy productivity,schleswig-holstein,code01,103.672
2015,2008 = 100,final energy productivity,schleswig-holstein,code01,102.775
2016,2008 = 100,final energy productivity,schleswig-holstein,code01,104.796
2017,2008 = 100,final energy productivity,schleswig-holstein,code01,106.914
2018,2008 = 100,final energy productivity,schleswig-holstein,code01,107.671
2019,2008 = 100,final energy productivity,schleswig-holstein,code01,114.504
2020,2008 = 100,final energy productivity,schleswig-holstein,code01,112.43
2021,2008 = 100,final energy productivity,schleswig-holstein,code01,110.252
2008,2008 = 100,final energy productivity,thuringia,code16,100.0
2009,2008 = 100,final energy productivity,thuringia,code16,100.4
2010,2008 = 100,final energy productivity,thuringia,code16,98.88
2011,2008 = 100,final energy productivity,thuringia,code16,109.822
2012,2008 = 100,final energy productivity,thuringia,code16,108.238
2013,2008 = 100,final energy productivity,thuringia,code16,107.018
2014,2008 = 100,final energy productivity,thuringia,code16,117.46
2015,2008 = 100,final energy productivity,thuringia,code16,117.017
2016,2008 = 100,final energy productivity,thuringia,code16,115.824
2017,2008 = 100,final energy productivity,thuringia,code16,118.934
2018,2008 = 100,final energy productivity,thuringia,code16,118.722
2019,2008 = 100,final energy productivity,thuringia,code16,118.862
2020,2008 = 100,final energy productivity,thuringia,code16,118.91
2008,2008 = 100,primary energy consumption,,,100.0
2009,2008 = 100,primary energy consumption,,,93.945
2010,2008 = 100,primary energy consumption,,,98.304
2011,2008 = 100,primary energy consumption,,,94.048
2012,2008 = 100,primary energy consumption,,,94.75
2013,2008 = 100,primary energy consumption,,,96.71
2014,2008 = 100,primary energy consumption,,,92.085
2015,2008 = 100,primary energy consumption,,,93.031
2016,2008 = 100,primary energy consumption,,,93.905
2017,2008 = 100,primary energy consumption,,,94.062
2018,2008 = 100,primary energy consumption,,,91.704
2019,2008 = 100,primary energy consumption,,,89.132
2020,2008 = 100,primary energy consumption,,,82.719
2021,2008 = 100,primary energy consumption,,,86.59
2022,2008 = 100,primary energy consumption,,,81.768
2023,2008 = 100,primary energy consumption,,,75.095
2050,2008 = 100,primary energy consumption,,,
2030,2008 = 100,primary energy consumption,,,
2008,2008 = 100,primary energy consumption,baden-wuerttemberg,code08,100.0
2009,2008 = 100,primary energy consumption,baden-wuerttemberg,code08,95.076
2010,2008 = 100,primary energy consumption,baden-wuerttemberg,code08,95.291
2011,2008 = 100,primary energy consumption,baden-wuerttemberg,code08,88.107
2012,2008 = 100,primary energy consumption,baden-wuerttemberg,code08,85.625
2013,2008 = 100,primary energy consumption,baden-wuerttemberg,code08,89.267
2014,2008 = 100,primary energy consumption,baden-wuerttemberg,code08,85.552
2015,2008 = 100,primary energy consumption,baden-wuerttemberg,code08,87.383
2016,2008 = 100,primary energy consumption,baden-wuerttemberg,code08,89.223
2017,2008 = 100,primary energy consumption,baden-wuerttemberg,code08,87.798
2018,2008 = 100,primary energy consumption,baden-wuerttemberg,code08,86.048
2019,2008 = 100,primary energy consumption,baden-wuerttemberg,code08,86.396
2020,2008 = 100,primary energy consumption,baden-wuerttemberg,code08,77.268
2021,2008 = 100,primary energy consumption,baden-wuerttemberg,code08,79.249
2008,2008 = 100,primary energy consumption,bavaria,code09,100.0
2009,2008 = 100,primary energy consumption,bavaria,code09,98.265
2010,2008 = 100,primary energy consumption,bavaria,code09,102.045
2011,2008 = 100,primary energy consumption,bavaria,code09,99.897
2012,2008 = 100,primary energy consumption,bavaria,code09,97.558
2013,2008 = 100,primary energy consumption,bavaria,code09,98.191
2014,2008 = 100,primary energy consumption,bavaria,code09,94.712
2015,2008 = 100,primary energy consumption,bavaria,code09,94.839
2016,2008 = 100,primary energy consumption,bavaria,code09,94.958
2017,2008 = 100,primary energy consumption,bavaria,code09,95.405
2018,2008 = 100,primary energy consumption,bavaria,code09,89.757
2019,2008 = 100,primary energy consumption,bavaria,code09,91.528
2020,2008 = 100,primary energy consumption,bavaria,code09,86.74
2008,2008 = 100,primary energy consumption,berlin,code11,100.0
2009,2008 = 100,primary energy consumption,berlin,code11,98.596
2010,2008 = 100,primary energy consumption,berlin,code11,107.634
2011,2008 = 100,primary energy consumption,berlin,code11,96.33
2012,2008 = 100,primary energy consumption,berlin,code11,97.576
2013,2008 = 100,primary energy consumption,berlin,code11,100.579
2014,2008 = 100,primary energy consumption,berlin,code11,94.605
2015,2008 = 100,primary energy consumption,berlin,code11,92.226
2016,2008 = 100,primary energy consumption,berlin,code11,94.706
2017,2008 = 100,primary energy consumption,berlin,code11,94.161
2018,2008 = 100,primary energy consumption,berlin,code11,93.188
2019,2008 = 100,primary energy consumption,berlin,code11,91.997
2020,2008 = 100,primary energy consumption,berlin,code11,81.342
2021,2008 = 100,primary energy consumption,berlin,code11,82.616
2008,2008 = 100,primary energy consumption,brandenburg,code12,100.0
2009,2008 = 100,primary energy consumption,brandenburg,code12,97.025
2010,2008 = 100,primary energy consumption,brandenburg,code12,102.117
2011,2008 = 100,primary energy consumption,brandenburg,code12,104.453
2012,2008 = 100,primary energy consumption,brandenburg,code12,104.537
2013,2008 = 100,primary energy consumption,brandenburg,code12,102.191
2014,2008 = 100,primary energy consumption,brandenburg,code12,101.388
2015,2008 = 100,primary energy consumption,brandenburg,code12,101.428
2016,2008 = 100,primary energy consumption,brandenburg,code12,101.962
2017,2008 = 100,primary energy consumption,brandenburg,code12,103.674
2018,2008 = 100,primary energy consumption,brandenburg,code12,107.019
2019,2008 = 100,primary energy consumption,brandenburg,code12,97.997
2020,2008 = 100,primary energy consumption,brandenburg,code12,84.554
2021,2008 = 100,primary energy consumption,brandenburg,code12,95.651
2008,2008 = 100,primary energy consumption,bremen,code04,100.0
2009,2008 = 100,primary energy consumption,bremen,code04,96.197
2010,2008 = 100,primary energy consumption,bremen,code04,105.896
2011,2008 = 100,primary energy consumption,bremen,code04,100.289
2012,2008 = 100,primary energy consumption,bremen,code04,100.339
2013,2008 = 100,primary energy consumption,bremen,code04,99.365
2014,2008 = 100,primary energy consumption,bremen,code04,100.788
2015,2008 = 100,primary energy consumption,bremen,code04,100.071
2016,2008 = 100,primary energy consumption,bremen,code04,98.879
2017,2008 = 100,primary energy consumption,bremen,code04,100.548
2018,2008 = 100,primary energy consumption,bremen,code04,95.591
2019,2008 = 100,primary energy consumption,bremen,code04,89.682
2020,2008 = 100,primary energy consumption,bremen,code04,77.493
2021,2008 = 100,primary energy consumption,bremen,code04,83.004
2008,2008 = 100,primary energy consumption,hamburg,code02,100.0
2009,2008 = 100,primary energy consumption,hamburg,code02,98.742
2010,2008 = 100,primary energy consumption,hamburg,code02,106.297
2011,2008 = 100,primary energy consumption,hamburg,code02,99.55
2012,2008 = 100,primary energy consumption,hamburg,code02,99.958
2013,2008 = 100,primary energy consumption,hamburg,code02,99.159
2014,2008 = 100,primary energy consumption,hamburg,code02,99.788
2015,2008 = 100,primary energy consumption,hamburg,code02,107.127
2016,2008 = 100,primary energy consumption,hamburg,code02,110.385
2017,2008 = 100,primary energy consumption,hamburg,code02,111.873
2018,2008 = 100,primary energy consumption,hamburg,code02,114.512
2019,2008 = 100,primary energy consumption,hamburg,code02,110.111
2020,2008 = 100,primary energy consumption,hamburg,code02,96.976
2021,2008 = 100,primary energy consumption,hamburg,code02,95.784
2008,2008 = 100,primary energy consumption,hesse,code06,100.0
2009,2008 = 100,primary energy consumption,hesse,code06,83.484
2010,2008 = 100,primary energy consumption,hesse,code06,94.985
2011,2008 = 100,primary energy consumption,hesse,code06,83.347
2012,2008 = 100,primary energy consumption,hesse,code06,80.847
2013,2008 = 100,primary energy consumption,hesse,code06,81.39
2014,2008 = 100,primary energy consumption,hesse,code06,80.295
2015,2008 = 100,primary energy consumption,hesse,code06,81.723
2016,2008 = 100,primary energy consumption,hesse,code06,83.305
2017,2008 = 100,primary energy consumption,hesse,code06,82.907
2018,2008 = 100,primary energy consumption,hesse,code06,81.352
2019,2008 = 100,primary energy consumption,hesse,code06,82.379
2020,2008 = 100,primary energy consumption,hesse,code06,69.385
2021,2008 = 100,primary energy consumption,hesse,code06,72.524
2008,2008 = 100,primary energy consumption,mecklenburg western pomerania,code13,100.0
2009,2008 = 100,primary energy consumption,mecklenburg western pomerania,code13,95.143
2010,2008 = 100,primary energy consumption,mecklenburg western pomerania,code13,101.928
2011,2008 = 100,primary energy consumption,mecklenburg western pomerania,code13,98.294
2012,2008 = 100,primary energy consumption,mecklenburg western pomerania,code13,103.934
2013,2008 = 100,primary energy consumption,mecklenburg western pomerania,code13,104.584
2014,2008 = 100,primary energy consumption,mecklenburg western pomerania,code13,104.247
2015,2008 = 100,primary energy consumption,mecklenburg western pomerania,code13,102.135
2016,2008 = 100,primary energy consumption,mecklenburg western pomerania,code13,106.068
2017,2008 = 100,primary energy consumption,mecklenburg western pomerania,code13,93.209
2018,2008 = 100,primary energy consumption,mecklenburg western pomerania,code13,91.066
2019,2008 = 100,primary energy consumption,mecklenburg western pomerania,code13,90.088
2020,2008 = 100,primary energy consumption,mecklenburg western pomerania,code13,86.536
2008,2008 = 100,primary energy consumption,lower saxony,code03,100.0
2009,2008 = 100,primary energy consumption,lower saxony,code03,97.643
2010,2008 = 100,primary energy consumption,lower saxony,code03,100.68
2011,2008 = 100,primary energy consumption,lower saxony,code03,91.887
2012,2008 = 100,primary energy consumption,lower saxony,code03,90.817
2013,2008 = 100,primary energy consumption,lower saxony,code03,91.163
2014,2008 = 100,primary energy consumption,lower saxony,code03,90.386
2015,2008 = 100,primary energy consumption,lower saxony,code03,89.769
2016,2008 = 100,primary energy consumption,lower saxony,code03,89.541
2017,2008 = 100,primary energy consumption,lower saxony,code03,90.113
2018,2008 = 100,primary energy consumption,lower saxony,code03,91.145
2019,2008 = 100,primary energy consumption,lower saxony,code03,88.895
2020,2008 = 100,primary energy consumption,lower saxony,code03,85.99
2021,2008 = 100,primary energy consumption,lower saxony,code03,88.226
2008,2008 = 100,primary energy consumption,north rhine-westphalia,code05,100.0
2009,2008 = 100,primary energy consumption,north rhine-westphalia,code05,100.704
2010,2008 = 100,primary energy consumption,north rhine-westphalia,code05,105.724
2011,2008 = 100,primary energy consumption,north rhine-westphalia,code05,101.909
2012,2008 = 100,primary energy consumption,north rhine-westphalia,code05,100.616
2013,2008 = 100,primary energy consumption,north rhine-westphalia,code05,100.5
2014,2008 = 100,primary energy consumption,north rhine-westphalia,code05,102.51
2015,2008 = 100,primary energy consumption,north rhine-westphalia,code05,101.619
2016,2008 = 100,primary energy consumption,north rhine-westphalia,code05,96.716
2017,2008 = 100,primary energy consumption,north rhine-westphalia,code05,94.961
2018,2008 = 100,primary energy consumption,north rhine-westphalia,code05,89.343
2019,2008 = 100,primary energy consumption,north rhine-westphalia,code05,86.35
2020,2008 = 100,primary energy consumption,north rhine-westphalia,code05,80.755
2008,2008 = 100,primary energy consumption,rhineland palatinate,code07,100.0
2009,2008 = 100,primary energy consumption,rhineland palatinate,code07,92.715
2010,2008 = 100,primary energy consumption,rhineland palatinate,code07,100.199
2011,2008 = 100,primary energy consumption,rhineland palatinate,code07,94.412
2012,2008 = 100,primary energy consumption,rhineland palatinate,code07,94.429
2013,2008 = 100,primary energy consumption,rhineland palatinate,code07,97.928
2014,2008 = 100,primary energy consumption,rhineland palatinate,code07,92.624
2015,2008 = 100,primary energy consumption,rhineland palatinate,code07,95.101
2016,2008 = 100,primary energy consumption,rhineland palatinate,code07,96.272
2017,2008 = 100,primary energy consumption,rhineland palatinate,code07,98.346
2018,2008 = 100,primary energy consumption,rhineland palatinate,code07,95.258
2019,2008 = 100,primary energy consumption,rhineland palatinate,code07,95.597
2020,2008 = 100,primary energy consumption,rhineland palatinate,code07,94.051
2021,2008 = 100,primary energy consumption,rhineland palatinate,code07,96.112
2008,2008 = 100,primary energy consumption,saarland,code10,100.0
2009,2008 = 100,primary energy consumption,saarland,code10,82.887
2010,2008 = 100,primary energy consumption,saarland,code10,87.405
2011,2008 = 100,primary energy consumption,saarland,code10,91.686
2012,2008 = 100,primary energy consumption,saarland,code10,94.808
2013,2008 = 100,primary energy consumption,saarland,code10,99.296
2014,2008 = 100,primary energy consumption,saarland,code10,90.754
2015,2008 = 100,primary energy consumption,saarland,code10,87.673
2020,2008 = 100,primary energy consumption,saarland,code10,92.882
2008,2008 = 100,primary energy consumption,saxony,code14,100.0
2009,2008 = 100,primary energy consumption,saxony,code14,99.49
2010,2008 = 100,primary energy consumption,saxony,code14,100.91
2011,2008 = 100,primary energy consumption,saxony,code14,96.639
2012,2008 = 100,primary energy consumption,saxony,code14,98.588
2013,2008 = 100,primary energy consumption,saxony,code14,101.703
2014,2008 = 100,primary energy consumption,saxony,code14,99.777
2015,2008 = 100,primary energy consumption,saxony,code14,98.133
2016,2008 = 100,primary energy consumption,saxony,code14,100.672
2017,2008 = 100,primary energy consumption,saxony,code14,104.139
2018,2008 = 100,primary energy consumption,saxony,code14,102.596
2019,2008 = 100,primary energy consumption,saxony,code14,95.335
2020,2008 = 100,primary energy consumption,saxony,code14,95.226
2021,2008 = 100,primary energy consumption,saxony,code14,102.738
2008,2008 = 100,primary energy consumption,saxony-anhalt,code15,100.0
2009,2008 = 100,primary energy consumption,saxony-anhalt,code15,98.851
2010,2008 = 100,primary energy consumption,saxony-anhalt,code15,103.631
2011,2008 = 100,primary energy consumption,saxony-anhalt,code15,102.352
2012,2008 = 100,primary energy consumption,saxony-anhalt,code15,102.569
2013,2008 = 100,primary energy consumption,saxony-anhalt,code15,102.048
2014,2008 = 100,primary energy consumption,saxony-anhalt,code15,96.845
2015,2008 = 100,primary energy consumption,saxony-anhalt,code15,99.618
2016,2008 = 100,primary energy consumption,saxony-anhalt,code15,102.622
2017,2008 = 100,primary energy consumption,saxony-anhalt,code15,99.202
2018,2008 = 100,primary energy consumption,saxony-anhalt,code15,107.659
2019,2008 = 100,primary energy consumption,saxony-anhalt,code15,102.093
2020,2008 = 100,primary energy consumption,saxony-anhalt,code15,98.19
2021,2008 = 100,primary energy consumption,saxony-anhalt,code15,97.834
2008,2008 = 100,primary energy consumption,schleswig-holstein,code01,100.0
2009,2008 = 100,primary energy consumption,schleswig-holstein,code01,97.202
2010,2008 = 100,primary energy consumption,schleswig-holstein,code01,102.207
2011,2008 = 100,primary energy consumption,schleswig-holstein,code01,96.777
2012,2008 = 100,primary energy consumption,schleswig-holstein,code01,101.102
2013,2008 = 100,primary energy consumption,schleswig-holstein,code01,104.528
2014,2008 = 100,primary energy consumption,schleswig-holstein,code01,99.925
2015,2008 = 100,primary energy consumption,schleswig-holstein,code01,97.298
2016,2008 = 100,primary energy consumption,schleswig-holstein,code01,99.172
2017,2008 = 100,primary energy consumption,schleswig-holstein,code01,89.176
2018,2008 = 100,primary energy consumption,schleswig-holstein,code01,98.125
2019,2008 = 100,primary energy consumption,schleswig-holstein,code01,93.769
2020,2008 = 100,primary energy consumption,schleswig-holstein,code01,95.316
2021,2008 = 100,primary energy consumption,schleswig-holstein,code01,97.942
2008,2008 = 100,primary energy consumption,thuringia,code16,100.0
2009,2008 = 100,primary energy consumption,thuringia,code16,96.12
2010,2008 = 100,primary energy consumption,thuringia,code16,100.038
2011,2008 = 100,primary energy consumption,thuringia,code16,95.191
2012,2008 = 100,primary energy consumption,thuringia,code16,96.752
2013,2008 = 100,primary energy consumption,thuringia,code16,98.68
2014,2008 = 100,primary energy consumption,thuringia,code16,92.918
2015,2008 = 100,primary energy consumption,thuringia,code16,93.123
2016,2008 = 100,primary energy consumption,thuringia,code16,95.696
2017,2008 = 100,primary energy consumption,thuringia,code16,96.491
2018,2008 = 100,primary energy consumption,thuringia,code16,95.144
2019,2008 = 100,primary energy consumption,thuringia,code16,93.269
2020,2008 = 100,primary energy consumption,thuringia,code16,91.506
